adsorbate,bob_0,bob_1,bob_2,bob_3,bob_4,bob_5,bob_6,bob_7,bob_8,bob_9,bob_10,bob_11,bob_12,bob_13,bob_14,bob_15,bob_16,bob_17,bob_18,bob_19,bob_20,bob_21,bob_22,bob_23,bob_24,bob_25,bob_26,bob_27,bob_28,bob_29,bob_30,bob_31,bob_32,bob_33,bob_34,bob_35,bob_36,bob_37,bob_38,bob_39,bob_40,bob_41,bob_42,bob_43,bob_44,bob_45,bob_46,bob_47,bob_48,bob_49,bob_50,bob_51,bob_52,bob_53,bob_54,bob_55,bob_56,bob_57,bob_58,bob_59,bob_60,bob_61,bob_62,bob_63,bob_64,bob_65,bob_66,bob_67,bob_68,bob_69,bob_70,bob_71,bob_72,bob_73,bob_74,bob_75,bob_76,bob_77,bob_78,bob_79,bob_80,bob_81,bob_82,bob_83,bob_84,bob_85,bob_86,bob_87,bob_88,bob_89,bob_90,bob_91,bob_92,bob_93,bob_94,bob_95,bob_96,bob_97,bob_98,bob_99,bob_100,bob_101,bob_102,bob_103,bob_104,bob_105,bob_106,bob_107,bob_108,bob_109,bob_110,bob_111,bob_112,bob_113,bob_114,bob_115,bob_116,bob_117,bob_118,bob_119,bob_120,bob_121,bob_122,bob_123,bob_124,bob_125,bob_126,bob_127,bob_128,bob_129,bob_130,bob_131,bob_132,bob_133,bob_134,bob_135,bob_136,bob_137,bob_138,bob_139,bob_140,bob_141,bob_142,bob_143,bob_144,bob_145,bob_146,bob_147,bob_148,bob_149,bob_150,bob_151,bob_152,bob_153,bob_154,bob_155,bob_156,bob_157,bob_158,bob_159,bob_160,bob_161,bob_162,bob_163,bob_164,bob_165,bob_166,bob_167,bob_168,bob_169,bob_170,bob_171,bob_172,bob_173,bob_174,bob_175,bob_176,bob_177,bob_178,bob_179,bob_180,bob_181,bob_182,bob_183,bob_184,bob_185,bob_186,bob_187,bob_188,bob_189,bob_190,bob_191,bob_192,bob_193,bob_194,bob_195
A01,36.8581052,36.8581052,36.8581052,73.51669472,73.51669472,73.51669472,7.392316622,7.392316622,12.46229245,12.46229245,12.49264369,12.49264369,9.128139373,9.128139373,9.253072221,9.253072221,12.51376528,12.51376528,0.5,0.5,0.5,0.5,0.5,0.5,0.5,0.5,8.195386398,8.195386398,8.77673776,8.77673776,10.23780888,10.23780888,10.37402258,10.37402258,10.4260716,10.4260716,10.62457565,10.62457565,17.50395598,17.50395598,17.63992216,17.63992216,18.09994075,18.09994075,0.903178064,0.903178064,0.907603425,0.907603425,0.917234148,0.917234148,0.99116805,0.99116805,1.082210903,1.082210903,1.109127639,1.109127639,1.133897837,1.133897837,1.160730606,1.160730606,1.232974672,1.232974672,1.280968224,1.280968224,1.462209123,1.462209123,1.464659796,1.464659796,1.469897533,1.469897533,1.474790167,1.474790167,1.478881451,1.478881451,1.480016745,1.480016745,1.595273939,1.595273939,1.622488838,1.622488838,1.631959284,1.631959284,2.750384507,2.750384507,2.874124166,2.874124166,2.880198295,2.880198295,2.880758495,2.880758495,2.883979123,2.883979123,0.970355991,0.970355991,1.033391234,1.033391234,1.058223245,1.058223245,1.067742584,1.067742584,1.073592869,1.073592869,1.102041423,1.102041423,1.160649752,1.160649752,1.360560874,1.360560874,1.377130175,1.377130175,1.513842099,1.513842099,1.535182435,1.535182435,1.580828819,1.580828819,1.600697302,1.600697302,1.610936789,1.610936789,1.621551303,1.621551303,2.012848364,2.012848364,2.033967392,2.033967392,2.044705417,2.044705417,2.055313724,2.055313724,2.063398569,2.063398569,2.32445701,2.32445701,4.222760991,4.222760991,4.264251402,4.264251402,4.315215276,4.315215276,0.113108697,0.113108697,0.120079911,0.120079911,0.12275092,0.12275092,0.123857112,0.123857112,0.135540662,0.135540662,0.136419,0.136419,0.137829814,0.137829814,0.148518731,0.148518731,0.153371593,0.153371593,0.155385016,0.155385016,0.160737229,0.160737229,0.166743716,0.166743716,0.171813775,0.171813775,0.172092754,0.172092754,0.186079148,0.186079148,0.186646889,0.186646889,0.191044801,0.191044801,0.193590145,0.193590145,0.200411468,0.200411468,0.206659797,0.206659797,0.209760722,0.209760722,0.220177986,0.220177986,0.221458953,0.221458953,0.238599581,0.238599581,0.241468994,0.241468994,0.242197512,0.242197512,0.293362014,0.293362014,0.294648104,0.294648104
A02,36.8581052,36.8581052,36.8581052,73.51669472,73.51669472,73.51669472,7.567202421,7.567202421,12.36025354,12.36025354,12.37653922,12.37653922,9.158992104,9.158992104,9.423037595,9.423037595,12.50952609,12.50952609,0.5,0.5,0.5,0.5,0.5,0.5,0.5,0,8.247760178,8.247760178,8.96929384,8.96929384,10.14428798,10.14428798,10.16715568,10.16715568,10.61497724,10.61497724,10.97552829,10.97552829,17.52685488,17.52685488,17.73988835,17.73988835,18.11450258,18.11450258,0.911687501,0.911687501,0.912872108,0.912872108,0.913554601,0.913554601,0.991897387,0.991897387,1.074130759,1.074130759,1.123559231,1.123559231,1.187304128,1.187304128,1.199446983,1.199446983,1.230782388,1.230782388,1.251793837,1.251793837,1.448775719,1.448775719,1.452317149,1.452317149,1.47206413,1.47206413,1.4907777,1.4907777,1.605809521,1.605809521,1.619382041,1.619382041,1.633650431,1.633650431,2.861688112,2.861688112,2.872582162,2.872582162,2.874874748,2.874874748,2.876120112,2.876120112,0,0,0,0,0,0,0.962654966,0.962654966,1.023716871,1.023716871,1.058648811,1.058648811,1.062947942,1.062947942,1.080406931,1.080406931,1.103948913,1.103948913,1.169048038,1.169048038,1.351372245,1.351372245,1.458925322,1.458925322,1.567094541,1.567094541,1.594590489,1.594590489,1.595930334,1.595930334,1.796234188,1.796234188,2.009938659,2.009938659,2.048084132,2.048084132,2.051630753,2.051630753,2.076118531,2.076118531,2.30314324,2.30314324,4.220763189,4.220763189,4.237065075,4.237065075,4.250309566,4.250309566,0,0,0,0,0,0,0.108568848,0.108568848,0.117735675,0.117735675,0.12187134,0.12187134,0.12228342,0.12228342,0.140650081,0.140650081,0.141148061,0.141148061,0.142303025,0.142303025,0.14942559,0.14942559,0.152828436,0.152828436,0.158539671,0.158539671,0.166039232,0.166039232,0.169905509,0.169905509,0.185641548,0.185641548,0.188113303,0.188113303,0.209473104,0.209473104,0.210118078,0.210118078,0.227410987,0.227410987,0.236902655,0.236902655,0.240732718,0.240732718,0.293155887,0.293155887,0.294750323,0.294750323,0,0,0,0,0,0,0,0,0,0,0,0,0,0
A03,36.8581052,36.8581052,36.8581052,73.51669472,73.51669472,73.51669472,7.169301931,7.169301931,12.29067147,12.29067147,12.37059125,12.37059125,9.13352963,9.13352963,9.82711173,9.82711173,10.1025269,10.1025269,0.5,0.5,0.5,0.5,0.5,0.5,0,0,7.369390255,7.369390255,8.706864972,8.706864972,9.821799714,9.821799714,10.18082536,10.18082536,10.66357306,10.66357306,10.86926776,10.86926776,17.71321157,17.71321157,17.90511962,17.90511962,18.26933168,18.26933168,0.902533277,0.902533277,0.955082913,0.955082913,0.985526315,0.985526315,0.995177008,0.995177008,1.047073061,1.047073061,1.129545629,1.129545629,1.142512701,1.142512701,1.14743936,1.14743936,1.195344112,1.195344112,1.462920872,1.462920872,1.478358751,1.478358751,1.483793561,1.483793561,1.595107651,1.595107651,1.613554831,1.613554831,1.632226043,1.632226043,2.87235529,2.87235529,2.886267072,2.886267072,2.889397431,2.889397431,0,0,0,0,0,0,0,0,0,0,0,0,0.973121348,0.973121348,0.9835736,0.9835736,1.033498334,1.033498334,1.06060098,1.06060098,1.066970565,1.066970565,1.08991454,1.08991454,1.39706586,1.39706586,1.50409935,1.50409935,1.562062195,1.562062195,1.579788558,1.579788558,1.727235349,1.727235349,1.853528524,1.853528524,2.042549104,2.042549104,2.091178624,2.091178624,2.095727437,2.095727437,4.244076584,4.244076584,4.282022674,4.282022674,4.304196872,4.304196872,0,0,0,0,0,0,0,0,0,0,0,0,0.11189388,0.11189388,0.118803981,0.118803981,0.125865932,0.125865932,0.128422486,0.128422486,0.131209352,0.131209352,0.16328756,0.16328756,0.164025696,0.164025696,0.165303012,0.165303012,0.175675325,0.175675325,0.185462407,0.185462407,0.186375395,0.186375395,0.225111867,0.225111867,0.227214961,0.227214961,0.231143304,0.231143304,0.294141696,0.294141696,0,0,0,0,0,0,0,0,0,0,0,0,0,0,0,0,0,0,0,0,0,0,0,0,0,0
A04,36.8581052,36.8581052,36.8581052,73.51669472,73.51669472,73.51669472,7.457724254,7.457724254,12.47635229,12.47635229,12.5111932,12.5111932,10.42400817,10.42400817,10.49012648,10.49012648,13.07157897,13.07157897,0.5,0.5,0.5,0.5,0.5,0,0,0,8.566138012,8.566138012,8.782031487,8.782031487,10.13765868,10.13765868,10.2521048,10.2521048,10.25211011,10.25211011,10.58865263,10.58865263,17.80108205,17.80108205,18.22057834,18.22057834,18.46988662,18.46988662,0.857060002,0.857060002,0.907638624,0.907638624,0.907832906,0.907832906,0.96925958,0.96925958,0.977838862,0.977838862,1.204354699,1.204354699,1.255874962,1.255874962,1.303822906,1.303822906,1.456601159,1.456601159,1.459236418,1.459236418,1.626220163,1.626220163,1.637163389,1.637163389,1.648767912,1.648767912,2.867311423,2.867311423,2.886180216,2.886180216,0,0,0,0,0,0,0,0,0,0,0,0,0,0,0,0,0,0,1.024136528,1.024136528,1.032392884,1.032392884,1.070508286,1.070508286,1.090144146,1.090144146,1.176732822,1.176732822,1.257375008,1.257375008,1.260768321,1.260768321,1.60648422,1.60648422,1.674786854,1.674786854,2.038591106,2.038591106,2.100516794,2.100516794,2.467650988,2.467650988,4.252760798,4.252760798,4.307214867,4.307214867,4.314553298,4.314553298,0,0,0,0,0,0,0,0,0,0,0,0,0,0,0,0,0,0,0.11138333,0.11138333,0.121268904,0.121268904,0.122696651,0.122696651,0.129233029,0.129233029,0.153687059,0.153687059,0.155223146,0.155223146,0.187661026,0.187661026,0.219984337,0.219984337,0.220048915,0.220048915,0.221513361,0.221513361,0,0,0,0,0,0,0,0,0,0,0,0,0,0,0,0,0,0,0,0,0,0,0,0,0,0,0,0,0,0,0,0,0,0,0,0
A05,36.8581052,36.8581052,36.8581052,73.51669472,73.51669472,73.51669472,7.689758696,7.689758696,12.44775332,12.44775332,12.91895457,12.91895457,7.64695197,7.64695197,12.21869353,12.21869353,12.91343644,12.91343644,0.5,0.5,0.5,0.5,0,0,0,0,6.942252884,6.942252884,7.44692703,7.44692703,10.31472163,10.31472163,10.48392692,10.48392692,10.56244859,10.56244859,10.70497702,10.70497702,18.03202611,18.03202611,18.54799531,18.54799531,19.19833295,19.19833295,0.723579034,0.723579034,0.764322732,0.764322732,0.985080689,0.985080689,0.987077528,0.987077528,1.00068928,1.00068928,1.213804191,1.213804191,1.306363504,1.306363504,1.447488084,1.447488084,1.62977029,1.62977029,1.676224157,1.676224157,1.700948906,1.700948906,2.871451837,2.871451837,0,0,0,0,0,0,0,0,0,0,0,0,0,0,0,0,0,0,0,0,0,0,0,0,0.799488172,0.799488172,0.804729752,0.804729752,1.135826039,1.135826039,1.154337742,1.154337742,1.184909347,1.184909347,1.292065946,1.292065946,1.384148452,1.384148452,2.029645823,2.029645823,2.069181122,2.069181122,4.241664781,4.241664781,4.296797473,4.296797473,4.301107093,4.301107093,0,0,0,0,0,0,0,0,0,0,0,0,0,0,0,0,0,0,0,0,0,0,0,0,0.087207206,0.087207206,0.114123393,0.114123393,0.134625705,0.134625705,0.168648635,0.168648635,0.178500262,0.178500262,0.210104946,0.210104946,0,0,0,0,0,0,0,0,0,0,0,0,0,0,0,0,0,0,0,0,0,0,0,0,0,0,0,0,0,0,0,0,0,0,0,0,0,0,0,0,0,0,0,0
A06,36.8581052,36.8581052,36.8581052,73.51669472,73.51669472,73.51669472,7.753037036,7.753037036,13.46862596,13.46862596,13.51449929,13.51449929,7.329860121,7.329860121,12.72209939,12.72209939,12.90648087,12.90648087,0.5,0.5,0.5,0,0,0,0,0,7.008861864,7.008861864,7.01232885,7.01232885,10.50291489,10.50291489,10.67585882,10.67585882,10.94982408,10.94982408,11.02238777,11.02238777,18.61164635,18.61164635,18.96693649,18.96693649,19.15685424,19.15685424,0.730514866,0.730514866,0.732756577,0.732756577,0.994263689,0.994263689,1.005960721,1.005960721,1.008290679,1.008290679,1.310477996,1.310477996,1.658132881,1.658132881,1.67514773,1.67514773,1.68912995,1.68912995,0,0,0,0,0,0,0,0,0,0,0,0,0,0,0,0,0,0,0,0,0,0,0,0,0,0,0,0,0,0,0.775873166,0.775873166,0.777103496,0.777103496,1.157505962,1.157505962,1.169519966,1.169519966,1.178322398,1.178322398,1.975578254,1.975578254,4.216636013,4.216636013,4.22383018,4.22383018,4.324547254,4.324547254,0,0,0,0,0,0,0,0,0,0,0,0,0,0,0,0,0,0,0,0,0,0,0,0,0,0,0,0,0,0,0.085138891,0.085138891,0.115498032,0.115498032,0.169064838,0.169064838,0,0,0,0,0,0,0,0,0,0,0,0,0,0,0,0,0,0,0,0,0,0,0,0,0,0,0,0,0,0,0,0,0,0,0,0,0,0,0,0,0,0,0,0,0,0,0,0,0,0
A07,36.8581052,36.8581052,36.8581052,73.51669472,73.51669472,73.51669472,7.707822588,7.707822588,12.39634194,12.39634194,12.40414382,12.40414382,8.555319205,8.555319205,11.9725795,11.9725795,12.03156971,12.03156971,0.5,0,0,0,0,0,0,0,7.555377541,7.555377541,7.598228026,7.598228026,10.32090997,10.32090997,10.39968256,10.39968256,10.46051531,10.46051531,10.50133572,10.50133572,18.59479163,18.59479163,20.97117146,20.97117146,21.09646848,21.09646848,0.999486247,0.999486247,1.314250484,1.314250484,1.649975183,1.649975183,0,0,0,0,0,0,0,0,0,0,0,0,0,0,0,0,0,0,0,0,0,0,0,0,0,0,0,0,0,0,0,0,0,0,0,0,0,0,0,0,0,0,1.183656109,1.183656109,1.785663558,1.785663558,4.314991677,4.314991677,0,0,0,0,0,0,0,0,0,0,0,0,0,0,0,0,0,0,0,0,0,0,0,0,0,0,0,0,0,0,0,0,0,0,0,0,0,0,0,0,0,0,0,0,0,0,0,0,0,0,0,0,0,0,0,0,0,0,0,0,0,0,0,0,0,0,0,0,0,0,0,0,0,0,0,0,0,0,0,0,0,0,0,0,0,0,0,0,0,0,0,0,0,0,0,0,0,0
A08,36.8581052,36.8581052,36.8581052,73.51669472,73.51669472,73.51669472,7.585305385,7.585305385,12.39352171,12.39352171,12.9431016,12.9431016,8.086477033,8.086477033,12.30236465,12.30236465,12.59439948,12.59439948,0.5,0.5,0,0,0,0,0,0,7.259701844,7.259701844,7.330226772,7.330226772,10.35109056,10.35109056,10.54443807,10.54443807,10.60694171,10.60694171,10.67771325,10.67771325,18.60676312,18.60676312,19.24552898,19.24552898,20.85964663,20.85964663,0.743904287,0.743904287,0.987678105,0.987678105,1.003638582,1.003638582,1.338777253,1.338777253,1.664301513,1.664301513,1.68450932,1.68450932,0,0,0,0,0,0,0,0,0,0,0,0,0,0,0,0,0,0,0,0,0,0,0,0,0,0,0,0,0,0,0,0,0,0,0,0,0.83975798,0.83975798,1.159904183,1.159904183,1.209394178,1.209394178,1.88853358,1.88853358,4.264821205,4.264821205,4.309271495,4.309271495,0,0,0,0,0,0,0,0,0,0,0,0,0,0,0,0,0,0,0,0,0,0,0,0,0,0,0,0,0,0,0,0,0,0,0,0,0.117995106,0.117995106,0,0,0,0,0,0,0,0,0,0,0,0,0,0,0,0,0,0,0,0,0,0,0,0,0,0,0,0,0,0,0,0,0,0,0,0,0,0,0,0,0,0,0,0,0,0,0,0,0,0,0,0,0,0
A09,36.8581052,36.8581052,0,73.51669472,73.51669472,0,12.51240063,12.51240063,0,0,0,0,9.289800755,9.289800755,0,0,0,0,0.5,0.5,0.5,0.5,0.5,0,0,0,10.18362079,10.18362079,10.93447458,10.93447458,17.54761228,17.54761228,18.2074013,18.2074013,0,0,0,0,0,0,0,0,0,0,0.423433484,0.423433484,0.437994435,0.437994435,1.199540763,1.199540763,1.452475346,1.452475346,1.46562598,1.46562598,1.474390419,1.474390419,1.585244549,1.585244549,2.861530792,2.861530792,2.873587377,2.873587377,2.881875226,2.881875226,0,0,0,0,0,0,0,0,0,0,0,0,0,0,0,0,0,0,0,0,0,0,0,0,0,0,0,0,0.509330656,0.509330656,0.622993087,0.622993087,1.084395398,1.084395398,1.521166405,1.521166405,1.638523576,1.638523576,1.651427283,1.651427283,2.029469051,2.029469051,2.040017271,2.040017271,2.071010674,2.071010674,4.301520427,4.301520427,0,0,0,0,0,0,0,0,0,0,0,0,0,0,0,0,0,0,0,0,0,0,0,0,0,0,0,0,0.061949333,0.061949333,0.070519161,0.070519161,0.084519885,0.084519885,0.090973068,0.090973068,0.170824639,0.170824639,0.184227271,0.184227271,0.209454788,0.209454788,0.209985356,0.209985356,0.221199641,0.221199641,0.293945566,0.293945566,0,0,0,0,0,0,0,0,0,0,0,0,0,0,0,0,0,0,0,0,0,0,0,0,0,0,0,0,0,0,0,0,0,0,0,0
A10,36.8581052,36.8581052,36.8581052,73.51669472,73.51669472,73.51669472,7.451505674,7.451505674,12.19521472,12.19521472,12.33508282,12.33508282,9.426522687,9.426522687,9.986969795,9.986969795,10.69521513,10.69521513,0.5,0.5,0.5,0.5,0.5,0,0,0,8.245055327,8.245055327,9.171076894,9.171076894,9.968856882,9.968856882,10.02558994,10.02558994,10.63585594,10.63585594,10.79757235,10.79757235,17.63063565,17.63063565,17.77653165,17.77653165,20.77616173,20.77616173,0.945023991,0.945023991,0.967859733,0.967859733,0.997021549,0.997021549,1.148186816,1.148186816,1.176825037,1.176825037,1.245346742,1.245346742,1.454863727,1.454863727,1.458059451,1.458059451,1.476078879,1.476078879,1.489995128,1.489995128,1.577377408,1.577377408,1.586516033,1.586516033,2.879158748,2.879158748,2.885452248,2.885452248,2.885885022,2.885885022,0,0,0,0,0,0,0,0,0,0,0,0,0,0,0,0,0,0,1.005892934,1.005892934,1.037039474,1.037039474,1.090160464,1.090160464,1.134501377,1.134501377,1.264023989,1.264023989,1.272178221,1.272178221,1.334243701,1.334243701,1.632438986,1.632438986,1.709793289,1.709793289,1.826848111,1.826848111,2.048194301,2.048194301,2.059159698,2.059159698,2.095657296,2.095657296,4.212057608,4.212057608,4.30492081,4.30492081,0,0,0,0,0,0,0,0,0,0,0,0,0,0,0,0,0,0,0.115842757,0.115842757,0.132102302,0.132102302,0.155275254,0.155275254,0.159432523,0.159432523,0.184713362,0.184713362,0.18719962,0.18719962,0.223351113,0.223351113,0.22335893,0.22335893,0.230268821,0.230268821,0.293259333,0.293259333,0,0,0,0,0,0,0,0,0,0,0,0,0,0,0,0,0,0,0,0,0,0,0,0,0,0,0,0,0,0,0,0,0,0,0,0
A11,36.8581052,36.8581052,36.8581052,73.51669472,73.51669472,73.51669472,7.4988447,7.4988447,12.11470246,12.11470246,12.48546129,12.48546129,9.397054103,9.397054103,10.08028907,10.08028907,11.54624772,11.54624772,0.5,0.5,0.5,0.5,0,0,0,0,8.218596075,8.218596075,9.030408676,9.030408676,10.34134124,10.34134124,10.35827842,10.35827842,10.38556727,10.38556727,10.930455,10.930455,17.50748112,17.50748112,18.28332014,18.28332014,21.04941322,21.04941322,0.839825623,0.839825623,0.911593132,0.911593132,0.985741383,0.985741383,0.992687207,0.992687207,1.117041539,1.117041539,1.200726318,1.200726318,1.479511591,1.479511591,1.481659628,1.481659628,1.593226218,1.593226218,1.640157331,1.640157331,2.87756844,2.87756844,2.882316478,2.882316478,0,0,0,0,0,0,0,0,0,0,0,0,0,0,0,0,0,0,0,0,0,0,0,0,0.972384908,0.972384908,0.979218647,0.979218647,0.988039273,0.988039273,1.024604219,1.024604219,1.341553739,1.341553739,1.433545085,1.433545085,1.599120858,1.599120858,1.711363626,1.711363626,2.006363636,2.006363636,2.040729379,2.040729379,4.277047517,4.277047517,4.309989539,4.309989539,0,0,0,0,0,0,0,0,0,0,0,0,0,0,0,0,0,0,0,0,0,0,0,0,0.103969817,0.103969817,0.150397158,0.150397158,0.154870204,0.154870204,0.205921337,0.205921337,0.24088414,0.24088414,0.290927881,0.290927881,0,0,0,0,0,0,0,0,0,0,0,0,0,0,0,0,0,0,0,0,0,0,0,0,0,0,0,0,0,0,0,0,0,0,0,0,0,0,0,0,0,0,0,0
A12,36.8581052,36.8581052,0,73.51669472,73.51669472,0,12.55480722,12.55480722,0,0,0,0,9.517740595,9.517740595,0,0,0,0,0.5,0.5,0.5,0.5,0,0,0,0,10.12103186,10.12103186,11.02554901,11.02554901,17.81383207,17.81383207,19.36123967,19.36123967,0,0,0,0,0,0,0,0,0,0,0.992086611,0.992086611,1.028528308,1.028528308,1.484738311,1.484738311,1.527450725,1.527450725,1.603523036,1.603523036,1.674613174,1.674613174,2.867984797,2.867984797,2.879449665,2.879449665,0,0,0,0,0,0,0,0,0,0,0,0,0,0,0,0,0,0,0,0,0,0,0,0,0,0,0,0,0,0,0,0,0.969830939,0.969830939,1.010572977,1.010572977,1.564565325,1.564565325,1.783884883,1.783884883,2.026272268,2.026272268,2.058814765,2.058814765,4.152599363,4.152599363,4.293580289,4.293580289,0,0,0,0,0,0,0,0,0,0,0,0,0,0,0,0,0,0,0,0,0,0,0,0,0,0,0,0,0,0,0,0,0.106656583,0.106656583,0.149854912,0.149854912,0.156468351,0.156468351,0.193276193,0.193276193,0.247167053,0.247167053,0.29428065,0.29428065,0,0,0,0,0,0,0,0,0,0,0,0,0,0,0,0,0,0,0,0,0,0,0,0,0,0,0,0,0,0,0,0,0,0,0,0,0,0,0,0,0,0,0,0
A13,36.8581052,36.8581052,0,73.51669472,73.51669472,0,12.53554919,12.53554919,0,0,0,0,13.10963555,13.10963555,0,0,0,0,0.5,0.5,0.5,0.5,0,0,0,0,10.37372859,10.37372859,10.64732204,10.64732204,18.1545726,18.1545726,18.51946589,18.51946589,0,0,0,0,0,0,0,0,0,0,0.986262006,0.986262006,1.315019741,1.315019741,1.435798701,1.435798701,1.451551034,1.451551034,1.630438968,1.630438968,1.658599976,1.658599976,2.87392955,2.87392955,2.889271863,2.889271863,0,0,0,0,0,0,0,0,0,0,0,0,0,0,0,0,0,0,0,0,0,0,0,0,0,0,0,0,0,0,0,0,1.199942853,1.199942853,1.30619806,1.30619806,1.315893274,1.315893274,2.017062619,2.017062619,2.054245808,2.054245808,2.082317885,2.082317885,4.291895445,4.291895445,4.31479688,4.31479688,0,0,0,0,0,0,0,0,0,0,0,0,0,0,0,0,0,0,0,0,0,0,0,0,0,0,0,0,0,0,0,0,0.130929177,0.130929177,0.157784009,0.157784009,0.180670487,0.180670487,0.188022102,0.188022102,0.216705608,0.216705608,0.22191667,0.22191667,0,0,0,0,0,0,0,0,0,0,0,0,0,0,0,0,0,0,0,0,0,0,0,0,0,0,0,0,0,0,0,0,0,0,0,0,0,0,0,0,0,0,0,0
A14,36.8581052,36.8581052,36.8581052,73.51669472,73.51669472,73.51669472,7.311095482,7.311095482,12.17794645,12.17794645,12.29827979,12.29827979,5.358051003,5.358051003,8.052135897,8.052135897,13.32819959,13.32819959,0.5,0.5,0.5,0.5,0,0,0,0,3.449267021,3.449267021,3.895786968,3.895786968,4.692483298,4.692483298,7.180174352,7.180174352,10.22465892,10.22465892,10.53661558,10.53661558,10.64369551,10.64369551,18.05899492,18.05899492,18.21350807,18.21350807,0.734827038,0.734827038,0.954864691,0.954864691,0.973995166,0.973995166,1.141320802,1.141320802,1.262183037,1.262183037,1.42853993,1.42853993,1.459443861,1.459443861,1.492798664,1.492798664,1.631360104,1.631360104,1.634397522,1.634397522,2.874972094,2.874972094,2.877794845,2.877794845,0,0,0,0,0,0,0,0,0,0,0,0,0,0,0,0,0,0,0,0,0,0,0,0,0.577673534,0.577673534,0.724102709,0.724102709,0.767834029,0.767834029,1.193720933,1.193720933,1.19990266,1.19990266,1.313350438,1.313350438,1.355153859,1.355153859,1.975143929,1.975143929,2.040213899,2.040213899,2.092202555,2.092202555,4.287689439,4.287689439,4.324581491,4.324581491,0,0,0,0,0,0,0,0,0,0,0,0,0,0,0,0,0,0,0,0,0,0,0,0,0.134833862,0.134833862,0.15423862,0.15423862,0.17153621,0.17153621,0.187857782,0.187857782,0.228085968,0.228085968,0.228789163,0.228789163,0,0,0,0,0,0,0,0,0,0,0,0,0,0,0,0,0,0,0,0,0,0,0,0,0,0,0,0,0,0,0,0,0,0,0,0,0,0,0,0,0,0,0,0
A15,36.8581052,36.8581052,36.8581052,73.51669472,73.51669472,73.51669472,7.737888286,7.737888286,12.37527568,12.37527568,12.44977178,12.44977178,7.708005624,7.708005624,11.56610943,11.56610943,12.58486636,12.58486636,0.5,0.5,0.5,0,0,0,0,0,6.909885124,6.909885124,7.622806416,7.622806416,10.1598432,10.1598432,10.29941242,10.29941242,10.35828675,10.35828675,10.54119819,10.54119819,18.41090194,18.41090194,18.54980479,18.54980479,21.0358461,21.0358461,0.794176123,0.794176123,0.975999759,0.975999759,1.163174011,1.163174011,1.243227483,1.243227483,1.26494954,1.26494954,1.435051541,1.435051541,1.640742357,1.640742357,1.646345188,1.646345188,2.884862746,2.884862746,0,0,0,0,0,0,0,0,0,0,0,0,0,0,0,0,0,0,0,0,0,0,0,0,0,0,0,0,0,0,0.885387405,0.885387405,1.165959056,1.165959056,1.349647807,1.349647807,1.374826962,1.374826962,1.392585103,1.392585103,1.676319884,1.676319884,2.110694234,2.110694234,4.280324211,4.280324211,4.319407765,4.319407765,0,0,0,0,0,0,0,0,0,0,0,0,0,0,0,0,0,0,0,0,0,0,0,0,0,0,0,0,0,0,0.134981739,0.134981739,0.158067543,0.158067543,0.186504572,0.186504572,0,0,0,0,0,0,0,0,0,0,0,0,0,0,0,0,0,0,0,0,0,0,0,0,0,0,0,0,0,0,0,0,0,0,0,0,0,0,0,0,0,0,0,0,0,0,0,0,0,0
A16,36.8581052,36.8581052,0,73.51669472,73.51669472,0,12.6855264,12.6855264,0,0,0,0,11.60569842,11.60569842,0,0,0,0,0.5,0.5,0.5,0,0,0,0,0,10.35655841,10.35655841,10.64073621,10.64073621,18.42338247,18.42338247,18.76282603,18.76282603,0,0,0,0,0,0,0,0,0,0,0.981016389,0.981016389,1.259452257,1.259452257,1.445582694,1.445582694,1.645538546,1.645538546,1.665902622,1.665902622,2.888180815,2.888180815,0,0,0,0,0,0,0,0,0,0,0,0,0,0,0,0,0,0,0,0,0,0,0,0,0,0,0,0,0,0,0,0,0,0,0,0,1.105588604,1.105588604,1.42181353,1.42181353,1.504639893,1.504639893,2.092529347,2.092529347,4.248316414,4.248316414,4.285155165,4.285155165,0,0,0,0,0,0,0,0,0,0,0,0,0,0,0,0,0,0,0,0,0,0,0,0,0,0,0,0,0,0,0,0,0,0,0,0,0.141446,0.141446,0.143222503,0.143222503,0.186275927,0.186275927,0,0,0,0,0,0,0,0,0,0,0,0,0,0,0,0,0,0,0,0,0,0,0,0,0,0,0,0,0,0,0,0,0,0,0,0,0,0,0,0,0,0,0,0,0,0,0,0,0,0
A17,36.8581052,36.8581052,36.8581052,73.51669472,73.51669472,73.51669472,7.495289123,7.495289123,12.12335338,12.12335338,12.5700209,12.5700209,7.924798033,7.924798033,10.20594021,10.20594021,10.46636637,10.46636637,0.5,0.5,0.5,0,0,0,0,0,7.168470727,7.168470727,7.22651784,7.22651784,10.44514591,10.44514591,10.57751752,10.57751752,10.59360991,10.59360991,10.7788743,10.7788743,17.57439784,17.57439784,19.31696079,19.31696079,20.94251135,20.94251135,0.739283889,0.739283889,0.970305164,0.970305164,0.983327748,0.983327748,1.24258972,1.24258972,1.447870401,1.447870401,1.459149877,1.459149877,1.592448522,1.592448522,1.680007348,1.680007348,2.878948102,2.878948102,0,0,0,0,0,0,0,0,0,0,0,0,0,0,0,0,0,0,0,0,0,0,0,0,0,0,0,0,0,0,0.830915002,0.830915002,1.031978883,1.031978883,1.03337636,1.03337636,1.334844915,1.334844915,1.687186259,1.687186259,1.738610374,1.738610374,2.023611318,2.023611318,4.22445556,4.22445556,4.310773287,4.310773287,0,0,0,0,0,0,0,0,0,0,0,0,0,0,0,0,0,0,0,0,0,0,0,0,0,0,0,0,0,0,0.136466845,0.136466845,0.154360179,0.154360179,0.218571325,0.218571325,0,0,0,0,0,0,0,0,0,0,0,0,0,0,0,0,0,0,0,0,0,0,0,0,0,0,0,0,0,0,0,0,0,0,0,0,0,0,0,0,0,0,0,0,0,0,0,0,0,0
A18,36.8581052,36.8581052,36.8581052,73.51669472,73.51669472,73.51669472,7.495717431,7.495717431,12.94944128,12.94944128,13.05363022,13.05363022,7.344662564,7.344662564,12.52163588,12.52163588,12.52592353,12.52592353,0.5,0.5,0,0,0,0,0,0,6.907304414,6.907304414,6.986934623,6.986934623,10.48447378,10.48447378,10.52029034,10.52029034,10.7595996,10.7595996,10.77307623,10.77307623,18.8181035,18.8181035,19.23586875,19.23586875,19.71697629,19.71697629,0.724580721,0.724580721,0.988096124,0.988096124,0.994537284,0.994537284,1.347182002,1.347182002,1.687303186,1.687303186,1.690763158,1.690763158,0,0,0,0,0,0,0,0,0,0,0,0,0,0,0,0,0,0,0,0,0,0,0,0,0,0,0,0,0,0,0,0,0,0,0,0,0.775436358,0.775436358,1.155948552,1.155948552,1.162024266,1.162024266,1.977947086,1.977947086,4.26451726,4.26451726,4.292621418,4.292621418,0,0,0,0,0,0,0,0,0,0,0,0,0,0,0,0,0,0,0,0,0,0,0,0,0,0,0,0,0,0,0,0,0,0,0,0,0.114825709,0.114825709,0,0,0,0,0,0,0,0,0,0,0,0,0,0,0,0,0,0,0,0,0,0,0,0,0,0,0,0,0,0,0,0,0,0,0,0,0,0,0,0,0,0,0,0,0,0,0,0,0,0,0,0,0,0
A19,36.8581052,36.8581052,0,73.51669472,73.51669472,0,13.34466052,13.34466052,0,0,0,0,12.0565243,12.0565243,0,0,0,0,0.5,0.5,0,0,0,0,0,0,10.53749191,10.53749191,10.56140737,10.56140737,18.93287735,18.93287735,19.05858674,19.05858674,0,0,0,0,0,0,0,0,0,0,0.990679064,0.990679064,0.991118285,0.991118285,1.682107291,1.682107291,1.688730998,1.688730998,0,0,0,0,0,0,0,0,0,0,0,0,0,0,0,0,0,0,0,0,0,0,0,0,0,0,0,0,0,0,0,0,0,0,0,0,0,0,0,0,1.123273509,1.123273509,1.124157666,1.124157666,4.288268693,4.288268693,4.294123162,4.294123162,0,0,0,0,0,0,0,0,0,0,0,0,0,0,0,0,0,0,0,0,0,0,0,0,0,0,0,0,0,0,0,0,0,0,0,0,0,0,0,0,0.112438022,0.112438022,0,0,0,0,0,0,0,0,0,0,0,0,0,0,0,0,0,0,0,0,0,0,0,0,0,0,0,0,0,0,0,0,0,0,0,0,0,0,0,0,0,0,0,0,0,0,0,0,0,0,0,0,0,0
A20,36.8581052,36.8581052,36.8581052,73.51669472,73.51669472,0,7.502043987,7.502043987,12.26219675,12.26219675,12.59684937,12.59684937,9.176134485,9.176134485,0,0,0,0,0.5,0.5,0.5,0.5,0.5,0,0,0,8.194247254,8.194247254,10.24092612,10.24092612,10.38454475,10.38454475,10.50037249,10.50037249,17.87460666,17.87460666,17.93917636,17.93917636,0,0,0,0,0,0,0.921292483,0.921292483,1.030706347,1.030706347,1.085710296,1.085710296,1.149328432,1.149328432,1.16394505,1.16394505,1.27697074,1.27697074,1.459938483,1.459938483,1.465494627,1.465494627,1.486333585,1.486333585,1.490350459,1.490350459,1.61360672,1.61360672,1.617483561,1.617483561,2.866516341,2.866516341,2.877993311,2.877993311,2.88299016,2.88299016,0,0,0,0,0,0,0,0,0,0,0,0,0,0,0,0,0,0,1.010932799,1.010932799,1.035897838,1.035897838,1.526710325,1.526710325,1.601214049,1.601214049,1.659057562,1.659057562,2.014945806,2.014945806,2.072422442,2.072422442,2.076511458,2.076511458,4.308505759,4.308505759,4.312067729,4.312067729,0,0,0,0,0,0,0,0,0,0,0,0,0,0,0,0,0,0,0,0,0,0,0,0,0,0,0,0,0.120032834,0.120032834,0.162732371,0.162732371,0.172246749,0.172246749,0.176017708,0.176017708,0.186217025,0.186217025,0.187748126,0.187748126,0.196709519,0.196709519,0.211088419,0.211088419,0.239170756,0.239170756,0.294132687,0.294132687,0,0,0,0,0,0,0,0,0,0,0,0,0,0,0,0,0,0,0,0,0,0,0,0,0,0,0,0,0,0,0,0,0,0,0,0
A21,36.8581052,36.8581052,36.8581052,73.51669472,73.51669472,73.51669472,7.490519576,7.490519576,12.33346098,12.33346098,12.4899783,12.4899783,9.239995067,9.239995067,9.855981068,9.855981068,10.36613022,10.36613022,0.5,0.5,0.5,0.5,0.5,0.5,0,0,7.692409125,7.692409125,8.739033584,8.739033584,10.25868311,10.25868311,10.2949469,10.2949469,10.60515154,10.60515154,10.99755637,10.99755637,17.77346544,17.77346544,18.10492089,18.10492089,19.39555622,19.39555622,0.766921156,0.766921156,0.916268315,0.916268315,0.978631208,0.978631208,0.987276766,0.987276766,1.094477365,1.094477365,1.115758449,1.115758449,1.132237356,1.132237356,1.165038248,1.165038248,1.464786585,1.464786585,1.468695343,1.468695343,1.475338556,1.475338556,1.499537265,1.499537265,1.609464557,1.609464557,1.623751013,1.623751013,1.669564539,1.669564539,2.806329037,2.806329037,2.874951094,2.874951094,2.88442287,2.88442287,0,0,0,0,0,0,0,0,0,0,0,0,0.959411359,0.959411359,0.999904302,0.999904302,1.031940905,1.031940905,1.059037946,1.059037946,1.065880254,1.065880254,1.074509669,1.074509669,1.215285792,1.215285792,1.302744886,1.302744886,1.512695122,1.512695122,1.586824887,1.586824887,1.674852269,1.674852269,1.859053637,1.859053637,2.015548276,2.015548276,2.03137457,2.03137457,2.073031559,2.073031559,4.156256944,4.156256944,4.248748365,4.248748365,4.327283784,4.327283784,0,0,0,0,0,0,0,0,0,0,0,0,0.105280458,0.105280458,0.111475948,0.111475948,0.114071131,0.114071131,0.125161393,0.125161393,0.14159083,0.14159083,0.151911534,0.151911534,0.152209746,0.152209746,0.15660674,0.15660674,0.160953006,0.160953006,0.172316668,0.172316668,0.186583243,0.186583243,0.219614065,0.219614065,0.233102836,0.233102836,0.238055425,0.238055425,0.294368833,0.294368833,0,0,0,0,0,0,0,0,0,0,0,0,0,0,0,0,0,0,0,0,0,0,0,0,0,0
A22,36.8581052,36.8581052,36.8581052,73.51669472,73.51669472,0,7.616488383,7.616488383,12.86719133,12.86719133,13.31230226,13.31230226,8.420191337,8.420191337,0,0,0,0,0.5,0.5,0.5,0.5,0,0,0,0,3.383575483,3.383575483,4.024715158,4.024715158,5.069043224,5.069043224,6.8683221,6.8683221,10.51220297,10.51220297,18.1743443,18.1743443,0,0,0,0,0,0,0.480257535,0.480257535,0.581665305,0.581665305,0.718133218,0.718133218,0.770206211,0.770206211,0.987812652,0.987812652,1.172082847,1.172082847,1.195322678,1.195322678,1.445502643,1.445502643,1.446143162,1.446143162,1.63631949,1.63631949,2.875489192,2.875489192,2.89428548,2.89428548,0,0,0,0,0,0,0,0,0,0,0,0,0,0,0,0,0,0,0,0,0,0,0,0,0.567191944,0.567191944,0.83271188,0.83271188,1.067681363,1.067681363,1.294182009,1.294182009,1.356907441,1.356907441,2.025203605,2.025203605,4.293124847,4.293124847,4.30599885,4.30599885,0,0,0,0,0,0,0,0,0,0,0,0,0,0,0,0,0,0,0,0,0,0,0,0,0,0,0,0,0,0,0,0,0.081001464,0.081001464,0.117338431,0.117338431,0.127281393,0.127281393,0.220311549,0.220311549,0.228986321,0.228986321,0.231525092,0.231525092,0,0,0,0,0,0,0,0,0,0,0,0,0,0,0,0,0,0,0,0,0,0,0,0,0,0,0,0,0,0,0,0,0,0,0,0,0,0,0,0,0,0,0,0
A23,36.8581052,36.8581052,36.8581052,73.51669472,73.51669472,0,7.838511081,7.838511081,13.25842684,13.25842684,13.37554278,13.37554278,12.61661159,12.61661159,0,0,0,0,0.5,0.5,0.5,0,0,0,0,0,7.022733993,7.022733993,10.55579284,10.55579284,10.56252118,10.56252118,10.8210358,10.8210358,18.62830783,18.62830783,18.96536947,18.96536947,0,0,0,0,0,0,0.749716881,0.749716881,0.994876079,0.994876079,1.012984812,1.012984812,1.134550264,1.134550264,1.327524901,1.327524901,1.445959012,1.445959012,1.65548811,1.65548811,1.678894199,1.678894199,2.89510593,2.89510593,0,0,0,0,0,0,0,0,0,0,0,0,0,0,0,0,0,0,0,0,0,0,0,0,0,0,0,0,0,0,1.177530594,1.177530594,1.264884216,1.264884216,1.981127882,1.981127882,1.997453929,1.997453929,4.286617891,4.286617891,4.297068454,4.297068454,0,0,0,0,0,0,0,0,0,0,0,0,0,0,0,0,0,0,0,0,0,0,0,0,0,0,0,0,0,0,0,0,0,0,0,0,0.15507202,0.15507202,0.173980123,0.173980123,0.223032026,0.223032026,0,0,0,0,0,0,0,0,0,0,0,0,0,0,0,0,0,0,0,0,0,0,0,0,0,0,0,0,0,0,0,0,0,0,0,0,0,0,0,0,0,0,0,0,0,0,0,0,0,0
A24,36.8581052,36.8581052,36.8581052,73.51669472,73.51669472,0,7.419472829,7.419472829,12.43762502,12.43762502,12.66003278,12.66003278,9.965056241,9.965056241,0,0,0,0,0.5,0.5,0.5,0,0,0,0,0,8.348918227,8.348918227,10.41252023,10.41252023,10.4211924,10.4211924,10.72860239,10.72860239,17.91914318,17.91914318,20.80683154,20.80683154,0,0,0,0,0,0,0.913400577,0.913400577,1.058849305,1.058849305,1.111447308,1.111447308,1.134973694,1.134973694,1.482104347,1.482104347,1.48673287,1.48673287,1.612807361,1.612807361,2.864039901,2.864039901,2.886869773,2.886869773,0,0,0,0,0,0,0,0,0,0,0,0,0,0,0,0,0,0,0,0,0,0,0,0,0,0,0,0,0,0,1.063444793,1.063444793,1.36372685,1.36372685,1.662024118,1.662024118,2.013759247,2.013759247,2.067588107,2.067588107,4.307526752,4.307526752,0,0,0,0,0,0,0,0,0,0,0,0,0,0,0,0,0,0,0,0,0,0,0,0,0,0,0,0,0,0,0,0,0,0,0,0,0.187097487,0.187097487,0.238863305,0.238863305,0.292183703,0.292183703,0,0,0,0,0,0,0,0,0,0,0,0,0,0,0,0,0,0,0,0,0,0,0,0,0,0,0,0,0,0,0,0,0,0,0,0,0,0,0,0,0,0,0,0,0,0,0,0,0,0
A25,36.8581052,36.8581052,36.8581052,73.51669472,73.51669472,73.51669472,7.302553582,7.302553582,12.52665941,12.52665941,13.08488627,13.08488627,8.344073245,8.344073245,9.420674858,9.420674858,11.7166271,11.7166271,0.5,0.5,0.5,0.5,0,0,0,0,7.140813195,7.140813195,8.618487237,8.618487237,10.43607184,10.43607184,10.46254157,10.46254157,10.60171975,10.60171975,10.68730359,10.68730359,17.95312831,17.95312831,18.03191307,18.03191307,19.79849338,19.79849338,0.933948899,0.933948899,0.952917719,0.952917719,1.168861496,1.168861496,1.236256837,1.236256837,1.24067226,1.24067226,1.24265345,1.24265345,1.453766345,1.453766345,1.486312048,1.486312048,1.602286063,1.602286063,1.614876451,1.614876451,2.861733803,2.861733803,2.880024129,2.880024129,0,0,0,0,0,0,0,0,0,0,0,0,0,0,0,0,0,0,0,0,0,0,0,0,1.068488419,1.068488419,1.10192984,1.10192984,1.17144992,1.17144992,1.189029331,1.189029331,1.280637289,1.280637289,1.372146254,1.372146254,1.610132654,1.610132654,1.693015121,1.693015121,2.021593629,2.021593629,2.083549765,2.083549765,4.287443513,4.287443513,4.30057098,4.30057098,0,0,0,0,0,0,0,0,0,0,0,0,0,0,0,0,0,0,0,0,0,0,0,0,0.152361569,0.152361569,0.159946048,0.159946048,0.185413319,0.185413319,0.217838692,0.217838692,0.289925565,0.289925565,0.297156257,0.297156257,0,0,0,0,0,0,0,0,0,0,0,0,0,0,0,0,0,0,0,0,0,0,0,0,0,0,0,0,0,0,0,0,0,0,0,0,0,0,0,0,0,0,0,0
A26,36.8581052,36.8581052,36.8581052,73.51669472,73.51669472,0,8.096074753,8.096074753,13.27094629,13.27094629,13.92146105,13.92146105,12.50401962,12.50401962,0,0,0,0,0.5,0.5,0,0,0,0,0,0,7.166389459,7.166389459,10.42279521,10.42279521,10.4702037,10.4702037,10.83965297,10.83965297,18.58400915,18.58400915,19.29523001,19.29523001,0,0,0,0,0,0,0.749102785,0.749102785,0.9830794,0.9830794,0.995247119,0.995247119,1.278060909,1.278060909,1.658882101,1.658882101,1.683834848,1.683834848,0,0,0,0,0,0,0,0,0,0,0,0,0,0,0,0,0,0,0,0,0,0,0,0,0,0,0,0,0,0,0,0,0,0,0,0,1.141187487,1.141187487,1.15308348,1.15308348,4.18886543,4.18886543,4.327895534,4.327895534,0,0,0,0,0,0,0,0,0,0,0,0,0,0,0,0,0,0,0,0,0,0,0,0,0,0,0,0,0,0,0,0,0,0,0,0,0,0,0,0,0.113461592,0.113461592,0,0,0,0,0,0,0,0,0,0,0,0,0,0,0,0,0,0,0,0,0,0,0,0,0,0,0,0,0,0,0,0,0,0,0,0,0,0,0,0,0,0,0,0,0,0,0,0,0,0,0,0,0,0
A27,0,0,0,73.51669472,0,0,0,0,0,0,0,0,0,0,0,0,0,0,0.5,0,0,0,0,0,0,0,0,0,0,0,0,0,0,0,0,0,0,0,0,0,0,0,0,0,0,0,0,0,0,0,0,0,0,0,0,0,0,0,0,0,0,0,0,0,0,0,0,0,0,0,0,0,0,0,0,0,0,0,0,0,0,0,0,0,0,0,0,0,0,0,0,0,4.29855572,4.29855572,0,0,0,0,0,0,0,0,0,0,0,0,0,0,0,0,0,0,0,0,0,0,0,0,0,0,0,0,0,0,0,0,0,0,0,0,0,0,0,0,0,0,0,0,0,0,0,0,0,0,0,0,0,0,0,0,0,0,0,0,0,0,0,0,0,0,0,0,0,0,0,0,0,0,0,0,0,0,0,0,0,0,0,0,0,0,0,0,0,0,0,0,0,0,0,0,0,0,0,0,0,0
A28,0,0,0,73.51669472,0,0,0,0,0,0,0,0,0,0,0,0,0,0,0.5,0.5,0,0,0,0,0,0,0,0,0,0,0,0,0,0,0,0,0,0,0,0,0,0,0,0,0,0,0,0,0,0,0,0,0,0,0,0,0,0,0,0,0,0,0,0,0,0,0,0,0,0,0,0,0,0,0,0,0,0,0,0,0,0,0,0,0,0,0,0,0,0,0,0,4.295998027,4.295998027,4.301591814,4.301591814,0,0,0,0,0,0,0,0,0,0,0,0,0,0,0,0,0,0,0,0,0,0,0,0,0,0,0,0,0,0,0,0,0,0,0,0,0,0,0,0,0,0,0,0,0.339696078,0.339696078,0,0,0,0,0,0,0,0,0,0,0,0,0,0,0,0,0,0,0,0,0,0,0,0,0,0,0,0,0,0,0,0,0,0,0,0,0,0,0,0,0,0,0,0,0,0,0,0,0,0,0,0,0,0
A29,36.8581052,0,0,0,0,0,0,0,0,0,0,0,0,0,0,0,0,0,0.5,0,0,0,0,0,0,0,0,0,0,0,0,0,0,0,0,0,0,0,0,0,0,0,0,0,2.887028893,2.887028893,0,0,0,0,0,0,0,0,0,0,0,0,0,0,0,0,0,0,0,0,0,0,0,0,0,0,0,0,0,0,0,0,0,0,0,0,0,0,0,0,0,0,0,0,0,0,0,0,0,0,0,0,0,0,0,0,0,0,0,0,0,0,0,0,0,0,0,0,0,0,0,0,0,0,0,0,0,0,0,0,0,0,0,0,0,0,0,0,0,0,0,0,0,0,0,0,0,0,0,0,0,0,0,0,0,0,0,0,0,0,0,0,0,0,0,0,0,0,0,0,0,0,0,0,0,0,0,0,0,0,0,0,0,0,0,0,0,0,0,0,0,0,0,0,0,0,0,0,0,0
A30,36.8581052,0,0,73.51669472,0,0,0,0,0,0,0,0,0,0,0,0,0,0,0.5,0,0,0,0,0,0,0,21.08962848,21.08962848,0,0,0,0,0,0,0,0,0,0,0,0,0,0,0,0,2.841893234,2.841893234,0,0,0,0,0,0,0,0,0,0,0,0,0,0,0,0,0,0,0,0,0,0,0,0,0,0,0,0,0,0,0,0,0,0,0,0,0,0,0,0,0,0,0,0,0,0,2.07506822,2.07506822,0,0,0,0,0,0,0,0,0,0,0,0,0,0,0,0,0,0,0,0,0,0,0,0,0,0,0,0,0,0,0,0,0,0,0,0,0,0,0,0,0,0,0,0,0,0,0,0,0,0,0,0,0,0,0,0,0,0,0,0,0,0,0,0,0,0,0,0,0,0,0,0,0,0,0,0,0,0,0,0,0,0,0,0,0,0,0,0,0,0,0,0,0,0,0,0,0,0,0,0,0,0
A31,36.8581052,0,0,73.51669472,73.51669472,0,0,0,0,0,0,0,14.67429222,14.67429222,0,0,0,0,0.5,0,0,0,0,0,0,0,19.97323319,19.97323319,19.97760482,19.97760482,0,0,0,0,0,0,0,0,0,0,0,0,0,0,2.870661469,2.870661469,0,0,0,0,0,0,0,0,0,0,0,0,0,0,0,0,0,0,0,0,0,0,0,0,0,0,0,0,0,0,0,0,0,0,0,0,0,0,0,0,0,0,0,0,0,0,2.110925724,2.110925724,2.111008285,2.111008285,0,0,0,0,0,0,0,0,0,0,0,0,0,0,0,0,0,0,0,0,0,0,0,0,0,0,0,0,0,0,0,0,0,0,0,0,0,0,0,0,0,0,0,0,0,0,0,0,0,0,0,0,0,0,0,0,0,0,0,0,0,0,0,0,0,0,0,0,0,0,0,0,0,0,0,0,0,0,0,0,0,0,0,0,0,0,0,0,0,0,0,0,0,0,0,0,0,0,0,0
A32,36.8581052,0,0,73.51669472,73.51669472,0,0,0,0,0,0,0,15.16716421,15.16716421,0,0,0,0,0.5,0,0,0,0,0,0,0,19.01631239,19.01631239,20.61396747,20.61396747,0,0,0,0,0,0,0,0,0,0,0,0,0,0,1.677225174,1.677225174,0,0,0,0,0,0,0,0,0,0,0,0,0,0,0,0,0,0,0,0,0,0,0,0,0,0,0,0,0,0,0,0,0,0,0,0,0,0,0,0,0,0,0,0,0,0,1.398636701,1.398636701,4.281158894,4.281158894,0,0,0,0,0,0,0,0,0,0,0,0,0,0,0,0,0,0,0,0,0,0,0,0,0,0,0,0,0,0,0,0,0,0,0,0,0,0,0,0,0,0,0,0,0,0,0,0,0,0,0,0,0,0,0,0,0,0,0,0,0,0,0,0,0,0,0,0,0,0,0,0,0,0,0,0,0,0,0,0,0,0,0,0,0,0,0,0,0,0,0,0,0,0,0,0,0,0,0,0
A33,36.8581052,0,0,0,0,0,0,0,0,0,0,0,0,0,0,0,0,0,0.5,0.5,0,0,0,0,0,0,0,0,0,0,0,0,0,0,0,0,0,0,0,0,0,0,0,0,2.871601515,2.871601515,2.877870956,2.877870956,0,0,0,0,0,0,0,0,0,0,0,0,0,0,0,0,0,0,0,0,0,0,0,0,0,0,0,0,0,0,0,0,0,0,0,0,0,0,0,0,0,0,0,0,0,0,0,0,0,0,0,0,0,0,0,0,0,0,0,0,0,0,0,0,0,0,0,0,0,0,0,0,0,0,0,0,0,0,0,0,0,0,0,0,0,0,0,0,0,0,0,0,0.291644401,0.291644401,0,0,0,0,0,0,0,0,0,0,0,0,0,0,0,0,0,0,0,0,0,0,0,0,0,0,0,0,0,0,0,0,0,0,0,0,0,0,0,0,0,0,0,0,0,0,0,0,0,0,0,0,0,0
A34,36.8581052,0,0,73.51669472,0,0,0,0,0,0,0,0,0,0,0,0,0,0,0.5,0.5,0,0,0,0,0,0,18.22259558,18.22259558,0,0,0,0,0,0,0,0,0,0,0,0,0,0,0,0,2.881417534,2.881417534,2.881680607,2.881680607,0,0,0,0,0,0,0,0,0,0,0,0,0,0,0,0,0,0,0,0,0,0,0,0,0,0,0,0,0,0,0,0,0,0,0,0,0,0,0,0,0,0,0,0,2.050246081,2.050246081,2.050435806,2.050435806,0,0,0,0,0,0,0,0,0,0,0,0,0,0,0,0,0,0,0,0,0,0,0,0,0,0,0,0,0,0,0,0,0,0,0,0,0,0,0,0,0,0,0,0,0.28458094,0.28458094,0,0,0,0,0,0,0,0,0,0,0,0,0,0,0,0,0,0,0,0,0,0,0,0,0,0,0,0,0,0,0,0,0,0,0,0,0,0,0,0,0,0,0,0,0,0,0,0,0,0,0,0,0,0
A35,36.8581052,0,0,73.51669472,0,0,0,0,0,0,0,0,0,0,0,0,0,0,0.5,0.5,0,0,0,0,0,0,18.85343144,18.85343144,0,0,0,0,0,0,0,0,0,0,0,0,0,0,0,0,1.657197302,1.657197302,2.872402762,2.872402762,0,0,0,0,0,0,0,0,0,0,0,0,0,0,0,0,0,0,0,0,0,0,0,0,0,0,0,0,0,0,0,0,0,0,0,0,0,0,0,0,0,0,0,0,2.148024085,2.148024085,4.209594423,4.209594423,0,0,0,0,0,0,0,0,0,0,0,0,0,0,0,0,0,0,0,0,0,0,0,0,0,0,0,0,0,0,0,0,0,0,0,0,0,0,0,0,0,0,0,0,0.187535724,0.187535724,0,0,0,0,0,0,0,0,0,0,0,0,0,0,0,0,0,0,0,0,0,0,0,0,0,0,0,0,0,0,0,0,0,0,0,0,0,0,0,0,0,0,0,0,0,0,0,0,0,0,0,0,0,0
A36,36.8581052,0,0,73.51669472,73.51669472,0,0,0,0,0,0,0,14.88166692,14.88166692,0,0,0,0,0.5,0.5,0,0,0,0,0,0,18.93272967,18.93272967,19.83448466,19.83448466,0,0,0,0,0,0,0,0,0,0,0,0,0,0,1.675891127,1.675891127,2.879726509,2.879726509,0,0,0,0,0,0,0,0,0,0,0,0,0,0,0,0,0,0,0,0,0,0,0,0,0,0,0,0,0,0,0,0,0,0,0,0,0,0,0,0,0,0,0,0,1.810088884,1.810088884,2.022998056,2.022998056,2.078122927,2.078122927,4.290359682,4.290359682,0,0,0,0,0,0,0,0,0,0,0,0,0,0,0,0,0,0,0,0,0,0,0,0,0,0,0,0,0,0,0,0,0,0,0,0,0,0,0,0,0.185845138,0.185845138,0,0,0,0,0,0,0,0,0,0,0,0,0,0,0,0,0,0,0,0,0,0,0,0,0,0,0,0,0,0,0,0,0,0,0,0,0,0,0,0,0,0,0,0,0,0,0,0,0,0,0,0,0,0
A37,36.8581052,0,0,0,0,0,0,0,0,0,0,0,0,0,0,0,0,0,0.5,0.5,0.5,0,0,0,0,0,0,0,0,0,0,0,0,0,0,0,0,0,0,0,0,0,0,0,2.888171319,2.888171319,2.888200437,2.888200437,2.888472478,2.888472478,0,0,0,0,0,0,0,0,0,0,0,0,0,0,0,0,0,0,0,0,0,0,0,0,0,0,0,0,0,0,0,0,0,0,0,0,0,0,0,0,0,0,0,0,0,0,0,0,0,0,0,0,0,0,0,0,0,0,0,0,0,0,0,0,0,0,0,0,0,0,0,0,0,0,0,0,0,0,0,0,0,0,0,0,0,0,0,0,0,0,0.291938823,0.291938823,0.292079282,0.292079282,0.292358573,0.292358573,0,0,0,0,0,0,0,0,0,0,0,0,0,0,0,0,0,0,0,0,0,0,0,0,0,0,0,0,0,0,0,0,0,0,0,0,0,0,0,0,0,0,0,0,0,0,0,0,0,0
A38,36.8581052,0,0,0,0,0,0,0,0,0,0,0,0,0,0,0,0,0,0.5,0.5,0.5,0.5,0,0,0,0,0,0,0,0,0,0,0,0,0,0,0,0,0,0,0,0,0,0,2.885265856,2.885265856,2.886888844,2.886888844,2.886890894,2.886890894,2.88694488,2.88694488,0,0,0,0,0,0,0,0,0,0,0,0,0,0,0,0,0,0,0,0,0,0,0,0,0,0,0,0,0,0,0,0,0,0,0,0,0,0,0,0,0,0,0,0,0,0,0,0,0,0,0,0,0,0,0,0,0,0,0,0,0,0,0,0,0,0,0,0,0,0,0,0,0,0,0,0,0,0,0,0,0,0,0,0,0,0,0,0,0.294416849,0.294416849,0.294419498,0.294419498,0.294421901,0.294421901,0.294782069,0.294782069,0.294784537,0.294784537,0.294788166,0.294788166,0,0,0,0,0,0,0,0,0,0,0,0,0,0,0,0,0,0,0,0,0,0,0,0,0,0,0,0,0,0,0,0,0,0,0,0,0,0,0,0,0,0,0,0
A39,36.8581052,0,0,73.51669472,0,0,0,0,0,0,0,0,0,0,0,0,0,0,0.5,0.5,0.5,0.5,0,0,0,0,17.6972158,17.6972158,0,0,0,0,0,0,0,0,0,0,0,0,0,0,0,0,1.603694133,1.603694133,2.868392968,2.868392968,2.87486229,2.87486229,2.889414091,2.889414091,0,0,0,0,0,0,0,0,0,0,0,0,0,0,0,0,0,0,0,0,0,0,0,0,0,0,0,0,0,0,0,0,0,0,0,0,0,0,0,0,2.003378399,2.003378399,2.012385064,2.012385064,2.076064058,2.076064058,4.339708505,4.339708505,0,0,0,0,0,0,0,0,0,0,0,0,0,0,0,0,0,0,0,0,0,0,0,0,0,0,0,0,0,0,0,0,0,0,0,0,0,0,0,0,0.18534886,0.18534886,0.22025182,0.22025182,0.22478811,0.22478811,0.292809201,0.292809201,0.294191286,0.294191286,0.296032798,0.296032798,0,0,0,0,0,0,0,0,0,0,0,0,0,0,0,0,0,0,0,0,0,0,0,0,0,0,0,0,0,0,0,0,0,0,0,0,0,0,0,0,0,0,0,0
A40,36.8581052,36.8581052,0,0,0,0,13.76218584,13.76218584,0,0,0,0,0,0,0,0,0,0,0,0,0,0,0,0,0,0,0,0,0,0,0,0,0,0,0,0,0,0,0,0,0,0,0,0,0,0,0,0,0,0,0,0,0,0,0,0,0,0,0,0,0,0,0,0,0,0,0,0,0,0,0,0,0,0,0,0,0,0,0,0,0,0,0,0,0,0,0,0,0,0,0,0,0,0,0,0,0,0,0,0,0,0,0,0,0,0,0,0,0,0,0,0,0,0,0,0,0,0,0,0,0,0,0,0,0,0,0,0,0,0,0,0,0,0,0,0,0,0,0,0,0,0,0,0,0,0,0,0,0,0,0,0,0,0,0,0,0,0,0,0,0,0,0,0,0,0,0,0,0,0,0,0,0,0,0,0,0,0,0,0,0,0,0,0,0,0,0,0,0,0,0,0,0,0,0,0
A41,36.8581052,36.8581052,0,73.51669472,0,0,14.16730507,14.16730507,0,0,0,0,0,0,0,0,0,0,0,0,0,0,0,0,0,0,10.11273659,10.11273659,21.76438069,21.76438069,0,0,0,0,0,0,0,0,0,0,0,0,0,0,0,0,0,0,0,0,0,0,0,0,0,0,0,0,0,0,0,0,0,0,0,0,0,0,0,0,0,0,0,0,0,0,0,0,0,0,0,0,0,0,0,0,0,0,0,0,0,0,0,0,0,0,0,0,0,0,0,0,0,0,0,0,0,0,0,0,0,0,0,0,0,0,0,0,0,0,0,0,0,0,0,0,0,0,0,0,0,0,0,0,0,0,0,0,0,0,0,0,0,0,0,0,0,0,0,0,0,0,0,0,0,0,0,0,0,0,0,0,0,0,0,0,0,0,0,0,0,0,0,0,0,0,0,0,0,0,0,0,0,0,0,0,0,0,0,0,0,0,0,0,0,0
A42,36.8581052,36.8581052,0,73.51669472,73.51669472,0,11.69464889,11.69464889,0,0,0,0,11.52105158,11.52105158,0,0,0,0,0,0,0,0,0,0,0,0,10.1855108,10.1855108,10.18997845,10.18997845,21.25311449,21.25311449,21.255161,21.255161,0,0,0,0,0,0,0,0,0,0,0,0,0,0,0,0,0,0,0,0,0,0,0,0,0,0,0,0,0,0,0,0,0,0,0,0,0,0,0,0,0,0,0,0,0,0,0,0,0,0,0,0,0,0,0,0,0,0,0,0,0,0,0,0,0,0,0,0,0,0,0,0,0,0,0,0,0,0,0,0,0,0,0,0,0,0,0,0,0,0,0,0,0,0,0,0,0,0,0,0,0,0,0,0,0,0,0,0,0,0,0,0,0,0,0,0,0,0,0,0,0,0,0,0,0,0,0,0,0,0,0,0,0,0,0,0,0,0,0,0,0,0,0,0,0,0,0,0,0,0,0,0,0,0,0,0,0,0,0,0,0,0
A43,36.8581052,36.8581052,0,0,0,0,14.21785198,14.21785198,0,0,0,0,0,0,0,0,0,0,0.5,0,0,0,0,0,0,0,0,0,0,0,0,0,0,0,0,0,0,0,0,0,0,0,0,0,1.368784443,1.368784443,2.92974517,2.92974517,0,0,0,0,0,0,0,0,0,0,0,0,0,0,0,0,0,0,0,0,0,0,0,0,0,0,0,0,0,0,0,0,0,0,0,0,0,0,0,0,0,0,0,0,0,0,0,0,0,0,0,0,0,0,0,0,0,0,0,0,0,0,0,0,0,0,0,0,0,0,0,0,0,0,0,0,0,0,0,0,0,0,0,0,0,0,0,0,0,0,0,0,0,0,0,0,0,0,0,0,0,0,0,0,0,0,0,0,0,0,0,0,0,0,0,0,0,0,0,0,0,0,0,0,0,0,0,0,0,0,0,0,0,0,0,0,0,0,0,0,0,0,0,0,0,0,0,0
A44,36.8581052,36.8581052,0,73.51669472,0,0,13.04402449,13.04402449,0,0,0,0,0,0,0,0,0,0,0.5,0,0,0,0,0,0,0,10.31742804,10.31742804,21.10431983,21.10431983,0,0,0,0,0,0,0,0,0,0,0,0,0,0,1.446231291,1.446231291,2.895180397,2.895180397,0,0,0,0,0,0,0,0,0,0,0,0,0,0,0,0,0,0,0,0,0,0,0,0,0,0,0,0,0,0,0,0,0,0,0,0,0,0,0,0,0,0,0,0,1.501248709,1.501248709,0,0,0,0,0,0,0,0,0,0,0,0,0,0,0,0,0,0,0,0,0,0,0,0,0,0,0,0,0,0,0,0,0,0,0,0,0,0,0,0,0,0,0,0,0,0,0,0,0,0,0,0,0,0,0,0,0,0,0,0,0,0,0,0,0,0,0,0,0,0,0,0,0,0,0,0,0,0,0,0,0,0,0,0,0,0,0,0,0,0,0,0,0,0,0,0,0,0,0,0,0,0
A45,36.8581052,36.8581052,0,73.51669472,0,0,12.77074207,12.77074207,0,0,0,0,0,0,0,0,0,0,0.5,0,0,0,0,0,0,0,10.65278099,10.65278099,20.81713898,20.81713898,0,0,0,0,0,0,0,0,0,0,0,0,0,0,1.446968479,1.446968479,2.847916282,2.847916282,0,0,0,0,0,0,0,0,0,0,0,0,0,0,0,0,0,0,0,0,0,0,0,0,0,0,0,0,0,0,0,0,0,0,0,0,0,0,0,0,0,0,0,0,2.059301386,2.059301386,0,0,0,0,0,0,0,0,0,0,0,0,0,0,0,0,0,0,0,0,0,0,0,0,0,0,0,0,0,0,0,0,0,0,0,0,0,0,0,0,0,0,0,0,0,0,0,0,0,0,0,0,0,0,0,0,0,0,0,0,0,0,0,0,0,0,0,0,0,0,0,0,0,0,0,0,0,0,0,0,0,0,0,0,0,0,0,0,0,0,0,0,0,0,0,0,0,0,0,0,0,0
A46,36.8581052,36.8581052,0,73.51669472,0,0,13.3031544,13.3031544,0,0,0,0,0,0,0,0,0,0,0.5,0,0,0,0,0,0,0,10.18979377,10.18979377,19.12867055,19.12867055,0,0,0,0,0,0,0,0,0,0,0,0,0,0,0.975866169,0.975866169,1.689248139,1.689248139,0,0,0,0,0,0,0,0,0,0,0,0,0,0,0,0,0,0,0,0,0,0,0,0,0,0,0,0,0,0,0,0,0,0,0,0,0,0,0,0,0,0,0,0,4.297914077,4.297914077,0,0,0,0,0,0,0,0,0,0,0,0,0,0,0,0,0,0,0,0,0,0,0,0,0,0,0,0,0,0,0,0,0,0,0,0,0,0,0,0,0,0,0,0,0,0,0,0,0,0,0,0,0,0,0,0,0,0,0,0,0,0,0,0,0,0,0,0,0,0,0,0,0,0,0,0,0,0,0,0,0,0,0,0,0,0,0,0,0,0,0,0,0,0,0,0,0,0,0,0,0,0
A47,36.8581052,36.8581052,0,73.51669472,73.51669472,0,12.2903234,12.2903234,0,0,0,0,10.48219293,10.48219293,0,0,0,0,0.5,0,0,0,0,0,0,0,10.46241051,10.46241051,10.64114872,10.64114872,20.87019731,20.87019731,20.99336159,20.99336159,0,0,0,0,0,0,0,0,0,0,1.416267273,1.416267273,2.849414618,2.849414618,0,0,0,0,0,0,0,0,0,0,0,0,0,0,0,0,0,0,0,0,0,0,0,0,0,0,0,0,0,0,0,0,0,0,0,0,0,0,0,0,0,0,0,0,1.47653765,1.47653765,2.055146422,2.055146422,0,0,0,0,0,0,0,0,0,0,0,0,0,0,0,0,0,0,0,0,0,0,0,0,0,0,0,0,0,0,0,0,0,0,0,0,0,0,0,0,0,0,0,0,0,0,0,0,0,0,0,0,0,0,0,0,0,0,0,0,0,0,0,0,0,0,0,0,0,0,0,0,0,0,0,0,0,0,0,0,0,0,0,0,0,0,0,0,0,0,0,0,0,0,0,0,0,0,0,0
A48,36.8581052,36.8581052,0,73.51669472,73.51669472,0,12.72089899,12.72089899,0,0,0,0,11.83552232,11.83552232,0,0,0,0,0.5,0,0,0,0,0,0,0,10.33043879,10.33043879,10.60621552,10.60621552,18.85967862,18.85967862,21.10486079,21.10486079,0,0,0,0,0,0,0,0,0,0,0.981165567,0.981165567,1.672989955,1.672989955,0,0,0,0,0,0,0,0,0,0,0,0,0,0,0,0,0,0,0,0,0,0,0,0,0,0,0,0,0,0,0,0,0,0,0,0,0,0,0,0,0,0,0,0,1.104297233,1.104297233,4.266721498,4.266721498,0,0,0,0,0,0,0,0,0,0,0,0,0,0,0,0,0,0,0,0,0,0,0,0,0,0,0,0,0,0,0,0,0,0,0,0,0,0,0,0,0,0,0,0,0,0,0,0,0,0,0,0,0,0,0,0,0,0,0,0,0,0,0,0,0,0,0,0,0,0,0,0,0,0,0,0,0,0,0,0,0,0,0,0,0,0,0,0,0,0,0,0,0,0,0,0,0,0,0,0
A49,36.8581052,36.8581052,0,0,0,0,13.46525829,13.46525829,0,0,0,0,0,0,0,0,0,0,0.5,0.5,0,0,0,0,0,0,0,0,0,0,0,0,0,0,0,0,0,0,0,0,0,0,0,0,1.462297257,1.462297257,1.463891486,1.463891486,2.901084145,2.901084145,2.902728185,2.902728185,0,0,0,0,0,0,0,0,0,0,0,0,0,0,0,0,0,0,0,0,0,0,0,0,0,0,0,0,0,0,0,0,0,0,0,0,0,0,0,0,0,0,0,0,0,0,0,0,0,0,0,0,0,0,0,0,0,0,0,0,0,0,0,0,0,0,0,0,0,0,0,0,0,0,0,0,0,0,0,0,0,0,0,0,0,0,0,0,0.283198097,0.283198097,0,0,0,0,0,0,0,0,0,0,0,0,0,0,0,0,0,0,0,0,0,0,0,0,0,0,0,0,0,0,0,0,0,0,0,0,0,0,0,0,0,0,0,0,0,0,0,0,0,0,0,0,0,0
A50,36.8581052,36.8581052,0,0,0,0,13.57894409,13.57894409,0,0,0,0,0,0,0,0,0,0,0.5,0.5,0,0,0,0,0,0,0,0,0,0,0,0,0,0,0,0,0,0,0,0,0,0,0,0,1.427183453,1.427183453,1.427984026,1.427984026,2.901123597,2.901123597,2.901452978,2.901452978,0,0,0,0,0,0,0,0,0,0,0,0,0,0,0,0,0,0,0,0,0,0,0,0,0,0,0,0,0,0,0,0,0,0,0,0,0,0,0,0,0,0,0,0,0,0,0,0,0,0,0,0,0,0,0,0,0,0,0,0,0,0,0,0,0,0,0,0,0,0,0,0,0,0,0,0,0,0,0,0,0,0,0,0,0,0,0,0,0.198030616,0.198030616,0,0,0,0,0,0,0,0,0,0,0,0,0,0,0,0,0,0,0,0,0,0,0,0,0,0,0,0,0,0,0,0,0,0,0,0,0,0,0,0,0,0,0,0,0,0,0,0,0,0,0,0,0,0
A51,36.8581052,36.8581052,0,73.51669472,0,0,12.61764511,12.61764511,0,0,0,0,0,0,0,0,0,0,0.5,0.5,0,0,0,0,0,0,10.37551313,10.37551313,21.10937667,21.10937667,0,0,0,0,0,0,0,0,0,0,0,0,0,0,1.481419592,1.481419592,1.481696298,1.481696298,2.881222454,2.881222454,2.881574405,2.881574405,0,0,0,0,0,0,0,0,0,0,0,0,0,0,0,0,0,0,0,0,0,0,0,0,0,0,0,0,0,0,0,0,0,0,0,0,0,0,0,0,1.497442659,1.497442659,1.515122449,1.515122449,0,0,0,0,0,0,0,0,0,0,0,0,0,0,0,0,0,0,0,0,0,0,0,0,0,0,0,0,0,0,0,0,0,0,0,0,0,0,0,0,0,0,0,0,0.291391339,0.291391339,0,0,0,0,0,0,0,0,0,0,0,0,0,0,0,0,0,0,0,0,0,0,0,0,0,0,0,0,0,0,0,0,0,0,0,0,0,0,0,0,0,0,0,0,0,0,0,0,0,0,0,0,0,0
A52,36.8581052,36.8581052,0,73.51669472,0,0,13.27449521,13.27449521,0,0,0,0,0,0,0,0,0,0,0.5,0.5,0,0,0,0,0,0,10.53684184,10.53684184,19.98795818,19.98795818,0,0,0,0,0,0,0,0,0,0,0,0,0,0,1.444997545,1.444997545,1.516188611,1.516188611,2.874673206,2.874673206,2.888501749,2.888501749,0,0,0,0,0,0,0,0,0,0,0,0,0,0,0,0,0,0,0,0,0,0,0,0,0,0,0,0,0,0,0,0,0,0,0,0,0,0,0,0,1.286170672,1.286170672,2.112314696,2.112314696,0,0,0,0,0,0,0,0,0,0,0,0,0,0,0,0,0,0,0,0,0,0,0,0,0,0,0,0,0,0,0,0,0,0,0,0,0,0,0,0,0,0,0,0,0.223765403,0.223765403,0,0,0,0,0,0,0,0,0,0,0,0,0,0,0,0,0,0,0,0,0,0,0,0,0,0,0,0,0,0,0,0,0,0,0,0,0,0,0,0,0,0,0,0,0,0,0,0,0,0,0,0,0,0
A53,36.8581052,36.8581052,0,73.51669472,0,0,12.72311492,12.72311492,0,0,0,0,0,0,0,0,0,0,0.5,0.5,0,0,0,0,0,0,11.37747865,11.37747865,17.81210112,17.81210112,0,0,0,0,0,0,0,0,0,0,0,0,0,0,1.464291235,1.464291235,1.468598334,1.468598334,2.870144952,2.870144952,2.8711809,2.8711809,0,0,0,0,0,0,0,0,0,0,0,0,0,0,0,0,0,0,0,0,0,0,0,0,0,0,0,0,0,0,0,0,0,0,0,0,0,0,0,0,2.012838411,2.012838411,2.013258985,2.013258985,0,0,0,0,0,0,0,0,0,0,0,0,0,0,0,0,0,0,0,0,0,0,0,0,0,0,0,0,0,0,0,0,0,0,0,0,0,0,0,0,0,0,0,0,0.291627402,0.291627402,0,0,0,0,0,0,0,0,0,0,0,0,0,0,0,0,0,0,0,0,0,0,0,0,0,0,0,0,0,0,0,0,0,0,0,0,0,0,0,0,0,0,0,0,0,0,0,0,0,0,0,0,0,0
A54,36.8581052,36.8581052,0,73.51669472,0,0,13.73231868,13.73231868,0,0,0,0,0,0,0,0,0,0,0.5,0.5,0,0,0,0,0,0,10.53374892,10.53374892,19.00229471,19.00229471,0,0,0,0,0,0,0,0,0,0,0,0,0,0,0.99398699,0.99398699,1.439155594,1.439155594,1.682347504,1.682347504,2.899377816,2.899377816,0,0,0,0,0,0,0,0,0,0,0,0,0,0,0,0,0,0,0,0,0,0,0,0,0,0,0,0,0,0,0,0,0,0,0,0,0,0,0,0,1.521045804,1.521045804,4.304824797,4.304824797,0,0,0,0,0,0,0,0,0,0,0,0,0,0,0,0,0,0,0,0,0,0,0,0,0,0,0,0,0,0,0,0,0,0,0,0,0,0,0,0,0,0,0,0,0.142321645,0.142321645,0,0,0,0,0,0,0,0,0,0,0,0,0,0,0,0,0,0,0,0,0,0,0,0,0,0,0,0,0,0,0,0,0,0,0,0,0,0,0,0,0,0,0,0,0,0,0,0,0,0,0,0,0,0
A55,36.8581052,36.8581052,0,73.51669472,0,0,13.40308859,13.40308859,0,0,0,0,0,0,0,0,0,0,0.5,0.5,0,0,0,0,0,0,10.43333585,10.43333585,18.9343335,18.9343335,0,0,0,0,0,0,0,0,0,0,0,0,0,0,1.285444398,1.285444398,1.446362349,1.446362349,1.669889671,1.669889671,2.906259253,2.906259253,0,0,0,0,0,0,0,0,0,0,0,0,0,0,0,0,0,0,0,0,0,0,0,0,0,0,0,0,0,0,0,0,0,0,0,0,0,0,0,0,2.079595984,2.079595984,4.258705971,4.258705971,0,0,0,0,0,0,0,0,0,0,0,0,0,0,0,0,0,0,0,0,0,0,0,0,0,0,0,0,0,0,0,0,0,0,0,0,0,0,0,0,0,0,0,0,0.185675782,0.185675782,0,0,0,0,0,0,0,0,0,0,0,0,0,0,0,0,0,0,0,0,0,0,0,0,0,0,0,0,0,0,0,0,0,0,0,0,0,0,0,0,0,0,0,0,0,0,0,0,0,0,0,0,0,0
A56,36.8581052,36.8581052,0,73.51669472,73.51669472,0,12.61299798,12.61299798,0,0,0,0,12.02012957,12.02012957,0,0,0,0,0.5,0.5,0,0,0,0,0,0,10.45438564,10.45438564,10.47803924,10.47803924,19.6361127,19.6361127,19.85790994,19.85790994,0,0,0,0,0,0,0,0,0,0,0.423162786,0.423162786,0.503257174,0.503257174,1.411841034,1.411841034,2.860923709,2.860923709,0,0,0,0,0,0,0,0,0,0,0,0,0,0,0,0,0,0,0,0,0,0,0,0,0,0,0,0,0,0,0,0,0,0,0,0,0,0,0,0,0.562042375,0.562042375,0.827194228,0.827194228,1.275491794,1.275491794,2.051444901,2.051444901,0,0,0,0,0,0,0,0,0,0,0,0,0,0,0,0,0,0,0,0,0,0,0,0,0,0,0,0,0,0,0,0,0,0,0,0,0,0,0,0,0.080805315,0.080805315,0,0,0,0,0,0,0,0,0,0,0,0,0,0,0,0,0,0,0,0,0,0,0,0,0,0,0,0,0,0,0,0,0,0,0,0,0,0,0,0,0,0,0,0,0,0,0,0,0,0,0,0,0,0
A57,36.8581052,36.8581052,0,73.51669472,73.51669472,0,12.37627257,12.37627257,0,0,0,0,9.405983806,9.405983806,0,0,0,0,0.5,0.5,0,0,0,0,0,0,10.19940884,10.19940884,10.57283376,10.57283376,18.06788439,18.06788439,21.00124032,21.00124032,0,0,0,0,0,0,0,0,0,0,1.48055915,1.48055915,1.492544996,1.492544996,2.872410659,2.872410659,2.874552264,2.874552264,0,0,0,0,0,0,0,0,0,0,0,0,0,0,0,0,0,0,0,0,0,0,0,0,0,0,0,0,0,0,0,0,0,0,0,0,0,0,0,0,1.556070581,1.556070581,1.59341574,1.59341574,2.051574332,2.051574332,2.06976303,2.06976303,0,0,0,0,0,0,0,0,0,0,0,0,0,0,0,0,0,0,0,0,0,0,0,0,0,0,0,0,0,0,0,0,0,0,0,0,0,0,0,0,0.292971223,0.292971223,0,0,0,0,0,0,0,0,0,0,0,0,0,0,0,0,0,0,0,0,0,0,0,0,0,0,0,0,0,0,0,0,0,0,0,0,0,0,0,0,0,0,0,0,0,0,0,0,0,0,0,0,0,0
A58,36.8581052,36.8581052,0,73.51669472,73.51669472,0,12.71143735,12.71143735,0,0,0,0,11.51192367,11.51192367,0,0,0,0,0.5,0.5,0,0,0,0,0,0,10.2146523,10.2146523,10.52734252,10.52734252,18.70040884,18.70040884,20.94823744,20.94823744,0,0,0,0,0,0,0,0,0,0,1.218265144,1.218265144,1.470740606,1.470740606,1.652519144,1.652519144,2.86213506,2.86213506,0,0,0,0,0,0,0,0,0,0,0,0,0,0,0,0,0,0,0,0,0,0,0,0,0,0,0,0,0,0,0,0,0,0,0,0,0,0,0,0,1.387046533,1.387046533,1.487779296,1.487779296,2.096906639,2.096906639,4.309874322,4.309874322,0,0,0,0,0,0,0,0,0,0,0,0,0,0,0,0,0,0,0,0,0,0,0,0,0,0,0,0,0,0,0,0,0,0,0,0,0,0,0,0,0.186043261,0.186043261,0,0,0,0,0,0,0,0,0,0,0,0,0,0,0,0,0,0,0,0,0,0,0,0,0,0,0,0,0,0,0,0,0,0,0,0,0,0,0,0,0,0,0,0,0,0,0,0,0,0,0,0,0,0
A59,36.8581052,36.8581052,0,73.51669472,73.51669472,0,13.23346392,13.23346392,0,0,0,0,12.02638022,12.02638022,0,0,0,0,0.5,0.5,0,0,0,0,0,0,10.39334426,10.39334426,10.57582434,10.57582434,18.60854864,18.60854864,19.08543887,19.08543887,0,0,0,0,0,0,0,0,0,0,0.98823429,0.98823429,1.292657877,1.292657877,1.64699972,1.64699972,1.683547767,1.683547767,0,0,0,0,0,0,0,0,0,0,0,0,0,0,0,0,0,0,0,0,0,0,0,0,0,0,0,0,0,0,0,0,0,0,0,0,0,0,0,0,1.118650393,1.118650393,1.820017049,1.820017049,4.305228456,4.305228456,4.310265285,4.310265285,0,0,0,0,0,0,0,0,0,0,0,0,0,0,0,0,0,0,0,0,0,0,0,0,0,0,0,0,0,0,0,0,0,0,0,0,0,0,0,0,0.160200655,0.160200655,0,0,0,0,0,0,0,0,0,0,0,0,0,0,0,0,0,0,0,0,0,0,0,0,0,0,0,0,0,0,0,0,0,0,0,0,0,0,0,0,0,0,0,0,0,0,0,0,0,0,0,0,0,0
A60,36.8581052,36.8581052,0,0,0,0,12.78549447,12.78549447,0,0,0,0,0,0,0,0,0,0,0.5,0.5,0.5,0,0,0,0,0,0,0,0,0,0,0,0,0,0,0,0,0,0,0,0,0,0,0,1.487919841,1.487919841,1.488043933,1.488043933,1.48824208,1.48824208,2.880799752,2.880799752,2.881780429,2.881780429,2.882012832,2.882012832,0,0,0,0,0,0,0,0,0,0,0,0,0,0,0,0,0,0,0,0,0,0,0,0,0,0,0,0,0,0,0,0,0,0,0,0,0,0,0,0,0,0,0,0,0,0,0,0,0,0,0,0,0,0,0,0,0,0,0,0,0,0,0,0,0,0,0,0,0,0,0,0,0,0,0,0,0,0,0,0,0,0,0,0,0.294811806,0.294811806,0.294903452,0.294903452,0.295010799,0.295010799,0,0,0,0,0,0,0,0,0,0,0,0,0,0,0,0,0,0,0,0,0,0,0,0,0,0,0,0,0,0,0,0,0,0,0,0,0,0,0,0,0,0,0,0,0,0,0,0,0,0
A61,36.8581052,36.8581052,0,0,0,0,12.89657221,12.89657221,0,0,0,0,0,0,0,0,0,0,0.5,0.5,0.5,0,0,0,0,0,0,0,0,0,0,0,0,0,0,0,0,0,0,0,0,0,0,0,1.41354285,1.41354285,1.453566875,1.453566875,1.459085353,1.459085353,2.881048657,2.881048657,2.881178506,2.881178506,2.882566016,2.882566016,0,0,0,0,0,0,0,0,0,0,0,0,0,0,0,0,0,0,0,0,0,0,0,0,0,0,0,0,0,0,0,0,0,0,0,0,0,0,0,0,0,0,0,0,0,0,0,0,0,0,0,0,0,0,0,0,0,0,0,0,0,0,0,0,0,0,0,0,0,0,0,0,0,0,0,0,0,0,0,0,0,0,0,0,0.195089878,0.195089878,0.195156453,0.195156453,0.28926952,0.28926952,0,0,0,0,0,0,0,0,0,0,0,0,0,0,0,0,0,0,0,0,0,0,0,0,0,0,0,0,0,0,0,0,0,0,0,0,0,0,0,0,0,0,0,0,0,0,0,0,0,0
A62,36.8581052,36.8581052,0,73.51669472,0,0,12.63416209,12.63416209,0,0,0,0,0,0,0,0,0,0,0.5,0.5,0.5,0,0,0,0,0,10.60212778,10.60212778,20.91178809,20.91178809,0,0,0,0,0,0,0,0,0,0,0,0,0,0,1.47743325,1.47743325,1.485972249,1.485972249,1.492628699,1.492628699,2.878104435,2.878104435,2.878480896,2.878480896,2.887242826,2.887242826,0,0,0,0,0,0,0,0,0,0,0,0,0,0,0,0,0,0,0,0,0,0,0,0,0,0,0,0,0,0,0,0,0,0,0,0,1.359582208,1.359582208,1.372559794,1.372559794,1.663581548,1.663581548,0,0,0,0,0,0,0,0,0,0,0,0,0,0,0,0,0,0,0,0,0,0,0,0,0,0,0,0,0,0,0,0,0,0,0,0,0,0,0,0,0,0,0.290827467,0.290827467,0.290902782,0.290902782,0.298376678,0.298376678,0,0,0,0,0,0,0,0,0,0,0,0,0,0,0,0,0,0,0,0,0,0,0,0,0,0,0,0,0,0,0,0,0,0,0,0,0,0,0,0,0,0,0,0,0,0,0,0,0,0
A63,36.8581052,36.8581052,0,73.51669472,0,0,13.06570487,13.06570487,0,0,0,0,0,0,0,0,0,0,0.5,0.5,0.5,0,0,0,0,0,10.53218455,10.53218455,19.71023016,19.71023016,0,0,0,0,0,0,0,0,0,0,0,0,0,0,1.42684294,1.42684294,1.474911683,1.474911683,1.48571824,1.48571824,2.86191861,2.86191861,2.882825733,2.882825733,2.895229804,2.895229804,0,0,0,0,0,0,0,0,0,0,0,0,0,0,0,0,0,0,0,0,0,0,0,0,0,0,0,0,0,0,0,0,0,0,0,0,1.273894116,1.273894116,1.600112097,1.600112097,2.067202434,2.067202434,0,0,0,0,0,0,0,0,0,0,0,0,0,0,0,0,0,0,0,0,0,0,0,0,0,0,0,0,0,0,0,0,0,0,0,0,0,0,0,0,0,0,0.17362658,0.17362658,0.215569339,0.215569339,0.287485598,0.287485598,0,0,0,0,0,0,0,0,0,0,0,0,0,0,0,0,0,0,0,0,0,0,0,0,0,0,0,0,0,0,0,0,0,0,0,0,0,0,0,0,0,0,0,0,0,0,0,0,0,0
A64,36.8581052,36.8581052,0,73.51669472,0,0,12.66560982,12.66560982,0,0,0,0,0,0,0,0,0,0,0.5,0.5,0.5,0,0,0,0,0,10.22762225,10.22762225,18.09158796,18.09158796,0,0,0,0,0,0,0,0,0,0,0,0,0,0,1.487530704,1.487530704,1.489947325,1.489947325,1.504220051,1.504220051,2.850125875,2.850125875,2.856130533,2.856130533,2.871523026,2.871523026,0,0,0,0,0,0,0,0,0,0,0,0,0,0,0,0,0,0,0,0,0,0,0,0,0,0,0,0,0,0,0,0,0,0,0,0,1.2470595,1.2470595,2.059170649,2.059170649,2.070778259,2.070778259,0,0,0,0,0,0,0,0,0,0,0,0,0,0,0,0,0,0,0,0,0,0,0,0,0,0,0,0,0,0,0,0,0,0,0,0,0,0,0,0,0,0,0.217201831,0.217201831,0.22072148,0.22072148,0.294925483,0.294925483,0,0,0,0,0,0,0,0,0,0,0,0,0,0,0,0,0,0,0,0,0,0,0,0,0,0,0,0,0,0,0,0,0,0,0,0,0,0,0,0,0,0,0,0,0,0,0,0,0,0
A65,36.8581052,36.8581052,0,73.51669472,0,0,12.82286737,12.82286737,0,0,0,0,0,0,0,0,0,0,0.5,0.5,0.5,0,0,0,0,0,10.58059672,10.58059672,18.84512967,18.84512967,0,0,0,0,0,0,0,0,0,0,0,0,0,0,0.980155681,0.980155681,1.462193338,1.462193338,1.466922527,1.466922527,1.670262097,1.670262097,2.882377015,2.882377015,2.884576657,2.884576657,0,0,0,0,0,0,0,0,0,0,0,0,0,0,0,0,0,0,0,0,0,0,0,0,0,0,0,0,0,0,0,0,0,0,0,0,1.523576729,1.523576729,1.527256078,1.527256078,4.240534233,4.240534233,0,0,0,0,0,0,0,0,0,0,0,0,0,0,0,0,0,0,0,0,0,0,0,0,0,0,0,0,0,0,0,0,0,0,0,0,0,0,0,0,0,0,0.14409938,0.14409938,0.144911752,0.144911752,0.289241003,0.289241003,0,0,0,0,0,0,0,0,0,0,0,0,0,0,0,0,0,0,0,0,0,0,0,0,0,0,0,0,0,0,0,0,0,0,0,0,0,0,0,0,0,0,0,0,0,0,0,0,0,0
A66,36.8581052,36.8581052,0,73.51669472,0,0,12.84650402,12.84650402,0,0,0,0,0,0,0,0,0,0,0.5,0.5,0.5,0,0,0,0,0,10.54491965,10.54491965,18.2540736,18.2540736,0,0,0,0,0,0,0,0,0,0,0,0,0,0,0.981761127,0.981761127,1.423733799,1.423733799,1.446950519,1.446950519,1.645270784,1.645270784,2.874210938,2.874210938,2.882329614,2.882329614,0,0,0,0,0,0,0,0,0,0,0,0,0,0,0,0,0,0,0,0,0,0,0,0,0,0,0,0,0,0,0,0,0,0,0,0,1.509725036,1.509725036,2.023853791,2.023853791,4.329744301,4.329744301,0,0,0,0,0,0,0,0,0,0,0,0,0,0,0,0,0,0,0,0,0,0,0,0,0,0,0,0,0,0,0,0,0,0,0,0,0,0,0,0,0,0,0.142413966,0.142413966,0.192000324,0.192000324,0.23068266,0.23068266,0,0,0,0,0,0,0,0,0,0,0,0,0,0,0,0,0,0,0,0,0,0,0,0,0,0,0,0,0,0,0,0,0,0,0,0,0,0,0,0,0,0,0,0,0,0,0,0,0,0
A67,36.8581052,36.8581052,0,73.51669472,0,0,12.62938693,12.62938693,0,0,0,0,0,0,0,0,0,0,0.5,0.5,0.5,0,0,0,0,0,10.4127264,10.4127264,17.88994424,17.88994424,0,0,0,0,0,0,0,0,0,0,0,0,0,0,1.273112693,1.273112693,1.484183745,1.484183745,1.494388043,1.494388043,1.619465208,1.619465208,2.863138323,2.863138323,2.880183312,2.880183312,0,0,0,0,0,0,0,0,0,0,0,0,0,0,0,0,0,0,0,0,0,0,0,0,0,0,0,0,0,0,0,0,0,0,0,0,2.012847587,2.012847587,2.076090333,2.076090333,4.313627245,4.313627245,0,0,0,0,0,0,0,0,0,0,0,0,0,0,0,0,0,0,0,0,0,0,0,0,0,0,0,0,0,0,0,0,0,0,0,0,0,0,0,0,0,0,0.186408933,0.186408933,0.213577987,0.213577987,0.295545935,0.295545935,0,0,0,0,0,0,0,0,0,0,0,0,0,0,0,0,0,0,0,0,0,0,0,0,0,0,0,0,0,0,0,0,0,0,0,0,0,0,0,0,0,0,0,0,0,0,0,0,0,0
A68,36.8581052,36.8581052,0,73.51669472,73.51669472,0,12.26443203,12.26443203,0,0,0,0,11.44092046,11.44092046,0,0,0,0,0.5,0.5,0.5,0,0,0,0,0,10.19262309,10.19262309,10.35741797,10.35741797,18.39858714,18.39858714,20.20707304,20.20707304,0,0,0,0,0,0,0,0,0,0,1.417050934,1.417050934,1.468485641,1.468485641,1.469171474,1.469171474,2.793942883,2.793942883,2.83140299,2.83140299,2.856059667,2.856059667,0,0,0,0,0,0,0,0,0,0,0,0,0,0,0,0,0,0,0,0,0,0,0,0,0,0,0,0,0,0,0,0,0,0,0,0,1.234406948,1.234406948,1.27652105,1.27652105,1.490070822,1.490070822,2.028026424,2.028026424,2.051788349,2.051788349,2.100692824,2.100692824,0,0,0,0,0,0,0,0,0,0,0,0,0,0,0,0,0,0,0,0,0,0,0,0,0,0,0,0,0,0,0,0,0,0,0,0,0.197703618,0.197703618,0.22131935,0.22131935,0.290844531,0.290844531,0,0,0,0,0,0,0,0,0,0,0,0,0,0,0,0,0,0,0,0,0,0,0,0,0,0,0,0,0,0,0,0,0,0,0,0,0,0,0,0,0,0,0,0,0,0,0,0,0,0
A69,36.8581052,36.8581052,0,73.51669472,73.51669472,0,12.49605513,12.49605513,0,0,0,0,9.532061882,9.532061882,0,0,0,0,0.5,0.5,0.5,0,0,0,0,0,10.22834296,10.22834296,11.11717838,11.11717838,18.21113951,18.21113951,18.88903863,18.88903863,0,0,0,0,0,0,0,0,0,0,0.993133557,0.993133557,1.476463044,1.476463044,1.512555174,1.512555174,1.645356828,1.645356828,2.853780562,2.853780562,2.865506683,2.865506683,0,0,0,0,0,0,0,0,0,0,0,0,0,0,0,0,0,0,0,0,0,0,0,0,0,0,0,0,0,0,0,0,0,0,0,0,0.969163614,0.969163614,1.636637009,1.636637009,1.765924836,1.765924836,2.0452957,2.0452957,2.081076956,2.081076956,4.165977736,4.165977736,0,0,0,0,0,0,0,0,0,0,0,0,0,0,0,0,0,0,0,0,0,0,0,0,0,0,0,0,0,0,0,0,0,0,0,0,0.152332869,0.152332869,0.156304987,0.156304987,0.29428178,0.29428178,0,0,0,0,0,0,0,0,0,0,0,0,0,0,0,0,0,0,0,0,0,0,0,0,0,0,0,0,0,0,0,0,0,0,0,0,0,0,0,0,0,0,0,0,0,0,0,0,0,0
A70,36.8581052,36.8581052,0,73.51669472,73.51669472,0,12.66472012,12.66472012,0,0,0,0,12.83468686,12.83468686,0,0,0,0,0.5,0.5,0.5,0,0,0,0,0,10.66114353,10.66114353,10.70002307,10.70002307,18.36686117,18.36686117,20.6047919,20.6047919,0,0,0,0,0,0,0,0,0,0,1.403026025,1.403026025,1.416349386,1.416349386,1.442658751,1.442658751,1.672832814,1.672832814,2.848590048,2.848590048,2.883838775,2.883838775,0,0,0,0,0,0,0,0,0,0,0,0,0,0,0,0,0,0,0,0,0,0,0,0,0,0,0,0,0,0,0,0,0,0,0,0,1.252779295,1.252779295,1.314717664,1.314717664,2.051837209,2.051837209,2.061848898,2.061848898,2.072929391,2.072929391,4.260559493,4.260559493,0,0,0,0,0,0,0,0,0,0,0,0,0,0,0,0,0,0,0,0,0,0,0,0,0,0,0,0,0,0,0,0,0,0,0,0,0.156996519,0.156996519,0.189434463,0.189434463,0.207500458,0.207500458,0,0,0,0,0,0,0,0,0,0,0,0,0,0,0,0,0,0,0,0,0,0,0,0,0,0,0,0,0,0,0,0,0,0,0,0,0,0,0,0,0,0,0,0,0,0,0,0,0,0
A71,36.8581052,36.8581052,0,73.51669472,73.51669472,0,12.19807957,12.19807957,0,0,0,0,10.69737924,10.69737924,0,0,0,0,0.5,0.5,0.5,0,0,0,0,0,10.45247946,10.45247946,10.50432416,10.50432416,18.12339789,18.12339789,21.03171193,21.03171193,0,0,0,0,0,0,0,0,0,0,1.177310805,1.177310805,1.456729323,1.456729323,1.476116833,1.476116833,1.624504949,1.624504949,2.858427851,2.858427851,2.885745837,2.885745837,0,0,0,0,0,0,0,0,0,0,0,0,0,0,0,0,0,0,0,0,0,0,0,0,0,0,0,0,0,0,0,0,0,0,0,0,1.169547264,1.169547264,1.316164738,1.316164738,1.668552657,1.668552657,2.012167607,2.012167607,2.086100942,2.086100942,4.244521584,4.244521584,0,0,0,0,0,0,0,0,0,0,0,0,0,0,0,0,0,0,0,0,0,0,0,0,0,0,0,0,0,0,0,0,0,0,0,0,0.185412274,0.185412274,0.230739942,0.230739942,0.290564401,0.290564401,0,0,0,0,0,0,0,0,0,0,0,0,0,0,0,0,0,0,0,0,0,0,0,0,0,0,0,0,0,0,0,0,0,0,0,0,0,0,0,0,0,0,0,0,0,0,0,0,0,0
A72,36.8581052,36.8581052,0,0,0,0,12.87631083,12.87631083,0,0,0,0,0,0,0,0,0,0,0.5,0.5,0.5,0.5,0,0,0,0,0,0,0,0,0,0,0,0,0,0,0,0,0,0,0,0,0,0,1.459518921,1.459518921,1.461116372,1.461116372,1.488057659,1.488057659,1.517238244,1.517238244,2.86090681,2.86090681,2.874148402,2.874148402,2.877473821,2.877473821,2.883872879,2.883872879,0,0,0,0,0,0,0,0,0,0,0,0,0,0,0,0,0,0,0,0,0,0,0,0,0,0,0,0,0,0,0,0,0,0,0,0,0,0,0,0,0,0,0,0,0,0,0,0,0,0,0,0,0,0,0,0,0,0,0,0,0,0,0,0,0,0,0,0,0,0,0,0,0,0,0,0,0,0,0,0,0.170462572,0.170462572,0.205088706,0.205088706,0.218505523,0.218505523,0.292066557,0.292066557,0.295981636,0.295981636,0.297109312,0.297109312,0,0,0,0,0,0,0,0,0,0,0,0,0,0,0,0,0,0,0,0,0,0,0,0,0,0,0,0,0,0,0,0,0,0,0,0,0,0,0,0,0,0,0,0
A73,36.8581052,36.8581052,0,0,0,0,12.74901615,12.74901615,0,0,0,0,0,0,0,0,0,0,0.5,0.5,0.5,0.5,0,0,0,0,0,0,0,0,0,0,0,0,0,0,0,0,0,0,0,0,0,0,1.451280278,1.451280278,1.451585197,1.451585197,1.452622331,1.452622331,1.453495954,1.453495954,2.888405362,2.888405362,2.888698467,2.888698467,2.891033619,2.891033619,2.89144105,2.89144105,0,0,0,0,0,0,0,0,0,0,0,0,0,0,0,0,0,0,0,0,0,0,0,0,0,0,0,0,0,0,0,0,0,0,0,0,0,0,0,0,0,0,0,0,0,0,0,0,0,0,0,0,0,0,0,0,0,0,0,0,0,0,0,0,0,0,0,0,0,0,0,0,0,0,0,0,0,0,0,0,0.175647519,0.175647519,0.175833005,0.175833005,0.220912597,0.220912597,0.221715145,0.221715145,0.289107102,0.289107102,0.289149099,0.289149099,0,0,0,0,0,0,0,0,0,0,0,0,0,0,0,0,0,0,0,0,0,0,0,0,0,0,0,0,0,0,0,0,0,0,0,0,0,0,0,0,0,0,0,0
A74,36.8581052,36.8581052,0,73.51669472,0,0,12.63382408,12.63382408,0,0,0,0,0,0,0,0,0,0,0.5,0.5,0.5,0.5,0,0,0,0,10.3767179,10.3767179,18.36550325,18.36550325,0,0,0,0,0,0,0,0,0,0,0,0,0,0,1.44901669,1.44901669,1.463446404,1.463446404,1.478893755,1.478893755,1.487047594,1.487047594,2.866992254,2.866992254,2.871766113,2.871766113,2.878938394,2.878938394,2.886877672,2.886877672,0,0,0,0,0,0,0,0,0,0,0,0,0,0,0,0,0,0,0,0,0,0,0,0,0,0,0,0,0,0,0,0,1.258402611,1.258402611,1.513947711,1.513947711,1.573061795,1.573061795,2.075114101,2.075114101,0,0,0,0,0,0,0,0,0,0,0,0,0,0,0,0,0,0,0,0,0,0,0,0,0,0,0,0,0,0,0,0,0,0,0,0,0,0,0,0,0.170145859,0.170145859,0.207837355,0.207837355,0.212119636,0.212119636,0.294352412,0.294352412,0.294872192,0.294872192,0.295087097,0.295087097,0,0,0,0,0,0,0,0,0,0,0,0,0,0,0,0,0,0,0,0,0,0,0,0,0,0,0,0,0,0,0,0,0,0,0,0,0,0,0,0,0,0,0,0
A75,36.8581052,36.8581052,0,73.51669472,0,0,12.57199112,12.57199112,0,0,0,0,0,0,0,0,0,0,0.5,0.5,0.5,0.5,0,0,0,0,10.40079839,10.40079839,17.94942381,17.94942381,0,0,0,0,0,0,0,0,0,0,0,0,0,0,1.438640862,1.438640862,1.453755205,1.453755205,1.456400815,1.456400815,1.458219881,1.458219881,2.750438342,2.750438342,2.854231769,2.854231769,2.86681652,2.86681652,2.892283264,2.892283264,0,0,0,0,0,0,0,0,0,0,0,0,0,0,0,0,0,0,0,0,0,0,0,0,0,0,0,0,0,0,0,0,1.247109615,1.247109615,1.513880958,1.513880958,2.00229238,2.00229238,2.052196294,2.052196294,0,0,0,0,0,0,0,0,0,0,0,0,0,0,0,0,0,0,0,0,0,0,0,0,0,0,0,0,0,0,0,0,0,0,0,0,0,0,0,0,0.168681532,0.168681532,0.204479228,0.204479228,0.205891102,0.205891102,0.215002539,0.215002539,0.293946407,0.293946407,0.295722738,0.295722738,0,0,0,0,0,0,0,0,0,0,0,0,0,0,0,0,0,0,0,0,0,0,0,0,0,0,0,0,0,0,0,0,0,0,0,0,0,0,0,0,0,0,0,0
A76,36.8581052,36.8581052,0,73.51669472,0,0,12.80151119,12.80151119,0,0,0,0,0,0,0,0,0,0,0.5,0.5,0.5,0.5,0,0,0,0,10.91361013,10.91361013,19.50968908,19.50968908,0,0,0,0,0,0,0,0,0,0,0,0,0,0,0.983580324,0.983580324,1.476961819,1.476961819,1.489996097,1.489996097,1.51299277,1.51299277,1.66796053,1.66796053,2.871722047,2.871722047,2.878784485,2.878784485,2.885681922,2.885681922,0,0,0,0,0,0,0,0,0,0,0,0,0,0,0,0,0,0,0,0,0,0,0,0,0,0,0,0,0,0,0,0,1.345220281,1.345220281,1.428365928,1.428365928,1.754325512,1.754325512,4.080489945,4.080489945,0,0,0,0,0,0,0,0,0,0,0,0,0,0,0,0,0,0,0,0,0,0,0,0,0,0,0,0,0,0,0,0,0,0,0,0,0,0,0,0,0.133864319,0.133864319,0.13990725,0.13990725,0.153792285,0.153792285,0.290308441,0.290308441,0.291754125,0.291754125,0.299898186,0.299898186,0,0,0,0,0,0,0,0,0,0,0,0,0,0,0,0,0,0,0,0,0,0,0,0,0,0,0,0,0,0,0,0,0,0,0,0,0,0,0,0,0,0,0,0
A77,36.8581052,36.8581052,0,73.51669472,0,0,12.74259625,12.74259625,0,0,0,0,0,0,0,0,0,0,0.5,0.5,0.5,0.5,0,0,0,0,10.64132042,10.64132042,18.28545409,18.28545409,0,0,0,0,0,0,0,0,0,0,0,0,0,0,0.983354566,0.983354566,1.440441844,1.440441844,1.463341072,1.463341072,1.469895841,1.469895841,1.638551769,1.638551769,2.876346965,2.876346965,2.888235353,2.888235353,2.888847452,2.888847452,0,0,0,0,0,0,0,0,0,0,0,0,0,0,0,0,0,0,0,0,0,0,0,0,0,0,0,0,0,0,0,0,1.327023375,1.327023375,1.740730823,1.740730823,2.02288131,2.02288131,4.318623705,4.318623705,0,0,0,0,0,0,0,0,0,0,0,0,0,0,0,0,0,0,0,0,0,0,0,0,0,0,0,0,0,0,0,0,0,0,0,0,0,0,0,0,0.13283698,0.13283698,0.155823226,0.155823226,0.175741548,0.175741548,0.221484038,0.221484038,0.227415348,0.227415348,0.288843708,0.288843708,0,0,0,0,0,0,0,0,0,0,0,0,0,0,0,0,0,0,0,0,0,0,0,0,0,0,0,0,0,0,0,0,0,0,0,0,0,0,0,0,0,0,0,0
A78,36.8581052,36.8581052,0,73.51669472,0,0,12.63972968,12.63972968,0,0,0,0,0,0,0,0,0,0,0.5,0.5,0.5,0.5,0,0,0,0,10.12684668,10.12684668,17.45414695,17.45414695,0,0,0,0,0,0,0,0,0,0,0,0,0,0,1.087558187,1.087558187,1.481863295,1.481863295,1.484502129,1.484502129,1.512242317,1.512242317,1.588493243,1.588493243,2.859062936,2.859062936,2.876099964,2.876099964,2.880768381,2.880768381,0,0,0,0,0,0,0,0,0,0,0,0,0,0,0,0,0,0,0,0,0,0,0,0,0,0,0,0,0,0,0,0,1.243421165,1.243421165,2.034225128,2.034225128,2.069961962,2.069961962,4.290940806,4.290940806,0,0,0,0,0,0,0,0,0,0,0,0,0,0,0,0,0,0,0,0,0,0,0,0,0,0,0,0,0,0,0,0,0,0,0,0,0,0,0,0,0.140066353,0.140066353,0.18738946,0.18738946,0.214310058,0.214310058,0.224646276,0.224646276,0.241765015,0.241765015,0.294412341,0.294412341,0,0,0,0,0,0,0,0,0,0,0,0,0,0,0,0,0,0,0,0,0,0,0,0,0,0,0,0,0,0,0,0,0,0,0,0,0,0,0,0,0,0,0,0
A79,36.8581052,36.8581052,0,73.51669472,73.51669472,0,12.46643951,12.46643951,0,0,0,0,10.96601485,10.96601485,0,0,0,0,0.5,0.5,0.5,0.5,0,0,0,0,10.30887343,10.30887343,10.40297944,10.40297944,17.93116305,17.93116305,18.193017,18.193017,0,0,0,0,0,0,0,0,0,0,1.468418254,1.468418254,1.471409102,1.471409102,1.475094002,1.475094002,1.476315132,1.476315132,2.847686647,2.847686647,2.862286864,2.862286864,2.86807954,2.86807954,2.876460298,2.876460298,0,0,0,0,0,0,0,0,0,0,0,0,0,0,0,0,0,0,0,0,0,0,0,0,0,0,0,0,0,0,0,0,1.253167799,1.253167799,1.261413234,1.261413234,1.600847643,1.600847643,1.617611734,1.617611734,2.031169882,2.031169882,2.039770083,2.039770083,2.094616409,2.094616409,2.106494998,2.106494998,0,0,0,0,0,0,0,0,0,0,0,0,0,0,0,0,0,0,0,0,0,0,0,0,0,0,0,0,0,0,0,0,0.172282519,0.172282519,0.208239541,0.208239541,0.208693021,0.208693021,0.221365847,0.221365847,0.292730861,0.292730861,0.292889247,0.292889247,0,0,0,0,0,0,0,0,0,0,0,0,0,0,0,0,0,0,0,0,0,0,0,0,0,0,0,0,0,0,0,0,0,0,0,0,0,0,0,0,0,0,0,0
A80,36.8581052,36.8581052,0,73.51669472,73.51669472,0,12.4409889,12.4409889,0,0,0,0,11.67655694,11.67655694,0,0,0,0,0.5,0.5,0.5,0.5,0,0,0,0,10.37567333,10.37567333,10.4923695,10.4923695,18.32630908,18.32630908,18.36051769,18.36051769,0,0,0,0,0,0,0,0,0,0,1.285585387,1.285585387,1.44154036,1.44154036,1.45789943,1.45789943,1.458105966,1.458105966,1.64993648,1.64993648,2.73806525,2.73806525,2.85588564,2.85588564,2.885644693,2.885644693,0,0,0,0,0,0,0,0,0,0,0,0,0,0,0,0,0,0,0,0,0,0,0,0,0,0,0,0,0,0,0,0,1.24607089,1.24607089,1.25068765,1.25068765,1.554564666,1.554564666,1.735073968,1.735073968,2.005793689,2.005793689,2.093460627,2.093460627,2.093918339,2.093918339,4.291021427,4.291021427,0,0,0,0,0,0,0,0,0,0,0,0,0,0,0,0,0,0,0,0,0,0,0,0,0,0,0,0,0,0,0,0,0.149189805,0.149189805,0.18688009,0.18688009,0.186958006,0.186958006,0.207558911,0.207558911,0.21198467,0.21198467,0.292707196,0.292707196,0,0,0,0,0,0,0,0,0,0,0,0,0,0,0,0,0,0,0,0,0,0,0,0,0,0,0,0,0,0,0,0,0,0,0,0,0,0,0,0,0,0,0,0
A81,36.8581052,36.8581052,0,73.51669472,73.51669472,0,12.73639561,12.73639561,0,0,0,0,12.40031366,12.40031366,0,0,0,0,0.5,0.5,0.5,0.5,0,0,0,0,10.43037237,10.43037237,10.62220441,10.62220441,18.02944882,18.02944882,20.55848523,20.55848523,0,0,0,0,0,0,0,0,0,0,1.353644119,1.353644119,1.421499732,1.421499732,1.501649383,1.501649383,1.503866581,1.503866581,1.635699892,1.635699892,2.85152501,2.85152501,2.851716005,2.851716005,2.857597052,2.857597052,0,0,0,0,0,0,0,0,0,0,0,0,0,0,0,0,0,0,0,0,0,0,0,0,0,0,0,0,0,0,0,0,1.231750684,1.231750684,1.358507929,1.358507929,1.375510486,1.375510486,1.947420627,1.947420627,2.025469628,2.025469628,2.039762696,2.039762696,2.069071097,2.069071097,4.29847458,4.29847458,0,0,0,0,0,0,0,0,0,0,0,0,0,0,0,0,0,0,0,0,0,0,0,0,0,0,0,0,0,0,0,0,0.153377903,0.153377903,0.193470154,0.193470154,0.19674176,0.19674176,0.207686854,0.207686854,0.210658455,0.210658455,0.297432307,0.297432307,0,0,0,0,0,0,0,0,0,0,0,0,0,0,0,0,0,0,0,0,0,0,0,0,0,0,0,0,0,0,0,0,0,0,0,0,0,0,0,0,0,0,0,0
A82,36.8581052,36.8581052,0,73.51669472,73.51669472,0,12.46416467,12.46416467,0,0,0,0,11.00745196,11.00745196,0,0,0,0,0.5,0.5,0.5,0.5,0,0,0,0,10.5731048,10.5731048,10.84996377,10.84996377,17.90440412,17.90440412,19.52389016,19.52389016,0,0,0,0,0,0,0,0,0,0,0.97736498,0.97736498,1.181406804,1.181406804,1.46957413,1.46957413,1.480340633,1.480340633,1.616897736,1.616897736,1.667640109,1.667640109,2.871050697,2.871050697,2.88297725,2.88297725,0,0,0,0,0,0,0,0,0,0,0,0,0,0,0,0,0,0,0,0,0,0,0,0,0,0,0,0,0,0,0,0,1.077955448,1.077955448,1.172937741,1.172937741,1.325072719,1.325072719,1.76439756,1.76439756,2.003894136,2.003894136,2.082507224,2.082507224,4.11602726,4.11602726,4.281132437,4.281132437,0,0,0,0,0,0,0,0,0,0,0,0,0,0,0,0,0,0,0,0,0,0,0,0,0,0,0,0,0,0,0,0,0.122615152,0.122615152,0.132353903,0.132353903,0.155116912,0.155116912,0.185809101,0.185809101,0.230871729,0.230871729,0.292117056,0.292117056,0,0,0,0,0,0,0,0,0,0,0,0,0,0,0,0,0,0,0,0,0,0,0,0,0,0,0,0,0,0,0,0,0,0,0,0,0,0,0,0,0,0,0,0
A83,36.8581052,36.8581052,0,73.51669472,73.51669472,0,12.54566933,12.54566933,0,0,0,0,13.07733686,13.07733686,0,0,0,0,0.5,0.5,0.5,0.5,0,0,0,0,10.36723031,10.36723031,10.64423366,10.64423366,18.16908678,18.16908678,18.51626962,18.51626962,0,0,0,0,0,0,0,0,0,0,0.985437375,0.985437375,1.310121758,1.310121758,1.43801645,1.43801645,1.453209534,1.453209534,1.632363784,1.632363784,1.656835819,1.656835819,2.873759139,2.873759139,2.888312909,2.888312909,0,0,0,0,0,0,0,0,0,0,0,0,0,0,0,0,0,0,0,0,0,0,0,0,0,0,0,0,0,0,0,0,1.195774813,1.195774813,1.306700594,1.306700594,1.315726247,1.315726247,2.016882509,2.016882509,2.039126046,2.039126046,2.082498461,2.082498461,4.295153872,4.295153872,4.316196635,4.316196635,0,0,0,0,0,0,0,0,0,0,0,0,0,0,0,0,0,0,0,0,0,0,0,0,0,0,0,0,0,0,0,0,0.13105954,0.13105954,0.157401194,0.157401194,0.179095319,0.179095319,0.187873882,0.187873882,0.217758473,0.217758473,0.222562284,0.222562284,0,0,0,0,0,0,0,0,0,0,0,0,0,0,0,0,0,0,0,0,0,0,0,0,0,0,0,0,0,0,0,0,0,0,0,0,0,0,0,0,0,0,0,0
A84,36.8581052,36.8581052,0,0,0,0,12.58382507,12.58382507,0,0,0,0,0,0,0,0,0,0,0.5,0.5,0.5,0.5,0.5,0,0,0,0,0,0,0,0,0,0,0,0,0,0,0,0,0,0,0,0,0,1.454027064,1.454027064,1.454630941,1.454630941,1.45603506,1.45603506,1.460119506,1.460119506,1.47631253,1.47631253,2.866017022,2.866017022,2.875634605,2.875634605,2.876584276,2.876584276,2.88330556,2.88330556,2.884374241,2.884374241,0,0,0,0,0,0,0,0,0,0,0,0,0,0,0,0,0,0,0,0,0,0,0,0,0,0,0,0,0,0,0,0,0,0,0,0,0,0,0,0,0,0,0,0,0,0,0,0,0,0,0,0,0,0,0,0,0,0,0,0,0,0,0,0,0,0,0,0,0,0,0,0,0,0,0,0,0.17023996,0.17023996,0.170510687,0.170510687,0.207911608,0.207911608,0.20945802,0.20945802,0.209503524,0.209503524,0.210131313,0.210131313,0.294817483,0.294817483,0.29515336,0.29515336,0.296552693,0.296552693,0.296989459,0.296989459,0,0,0,0,0,0,0,0,0,0,0,0,0,0,0,0,0,0,0,0,0,0,0,0,0,0,0,0,0,0,0,0,0,0,0,0
A85,36.8581052,36.8581052,0,73.51669472,0,0,12.54042275,12.54042275,0,0,0,0,0,0,0,0,0,0,0.5,0.5,0.5,0.5,0.5,0,0,0,10.62241343,10.62241343,17.75580348,17.75580348,0,0,0,0,0,0,0,0,0,0,0,0,0,0,1.452635117,1.452635117,1.457380375,1.457380375,1.463506467,1.463506467,1.468479055,1.468479055,1.471070774,1.471070774,2.864605711,2.864605711,2.86877459,2.86877459,2.871437918,2.871437918,2.881616664,2.881616664,2.885567533,2.885567533,0,0,0,0,0,0,0,0,0,0,0,0,0,0,0,0,0,0,0,0,0,0,0,0,0,0,0,0,1.263213546,1.263213546,1.556195101,1.556195101,1.643733134,1.643733134,2.016596444,2.016596444,2.069052733,2.069052733,0,0,0,0,0,0,0,0,0,0,0,0,0,0,0,0,0,0,0,0,0,0,0,0,0,0,0,0,0,0,0,0,0,0,0,0,0,0,0.171150012,0.171150012,0.171391057,0.171391057,0.205511644,0.205511644,0.205579363,0.205579363,0.211885096,0.211885096,0.2144609,0.2144609,0.295137525,0.295137525,0.295225489,0.295225489,0.295302356,0.295302356,0.295349985,0.295349985,0,0,0,0,0,0,0,0,0,0,0,0,0,0,0,0,0,0,0,0,0,0,0,0,0,0,0,0,0,0,0,0,0,0,0,0
A86,36.8581052,36.8581052,0,73.51669472,0,0,12.6557669,12.6557669,0,0,0,0,0,0,0,0,0,0,0.5,0.5,0.5,0.5,0.5,0,0,0,10.76229953,10.76229953,18.30922314,18.30922314,0,0,0,0,0,0,0,0,0,0,0,0,0,0,0.987208917,0.987208917,1.449880618,1.449880618,1.468878089,1.468878089,1.475978567,1.475978567,1.485591649,1.485591649,1.638343711,1.638343711,2.871964605,2.871964605,2.873429052,2.873429052,2.879275572,2.879275572,2.884506396,2.884506396,0,0,0,0,0,0,0,0,0,0,0,0,0,0,0,0,0,0,0,0,0,0,0,0,0,0,0,0,1.277543352,1.277543352,1.591284658,1.591284658,1.633061791,1.633061791,2.041868341,2.041868341,4.296600001,4.296600001,0,0,0,0,0,0,0,0,0,0,0,0,0,0,0,0,0,0,0,0,0,0,0,0,0,0,0,0,0,0,0,0,0,0,0,0,0,0,0.130440623,0.130440623,0.147551731,0.147551731,0.152804709,0.152804709,0.170630468,0.170630468,0.205554933,0.205554933,0.213089891,0.213089891,0.235249841,0.235249841,0.294440874,0.294440874,0.295026148,0.295026148,0.295343966,0.295343966,0,0,0,0,0,0,0,0,0,0,0,0,0,0,0,0,0,0,0,0,0,0,0,0,0,0,0,0,0,0,0,0,0,0,0,0
A87,36.8581052,36.8581052,0,73.51669472,0,0,12.64399696,12.64399696,0,0,0,0,0,0,0,0,0,0,0.5,0.5,0.5,0.5,0.5,0,0,0,10.39250824,10.39250824,17.3474227,17.3474227,0,0,0,0,0,0,0,0,0,0,0,0,0,0,0.96787224,0.96787224,1.465553097,1.465553097,1.466958321,1.466958321,1.475511401,1.475511401,1.490035011,1.490035011,1.584083332,1.584083332,2.86819606,2.86819606,2.868344506,2.868344506,2.881967838,2.881967838,2.88328483,2.88328483,0,0,0,0,0,0,0,0,0,0,0,0,0,0,0,0,0,0,0,0,0,0,0,0,0,0,0,0,1.250191957,1.250191957,1.548035369,1.548035369,2.012623081,2.012623081,2.043786903,2.043786903,4.324459782,4.324459782,0,0,0,0,0,0,0,0,0,0,0,0,0,0,0,0,0,0,0,0,0,0,0,0,0,0,0,0,0,0,0,0,0,0,0,0,0,0,0.128891666,0.128891666,0.144900208,0.144900208,0.171303147,0.171303147,0.21193273,0.21193273,0.213684361,0.213684361,0.214967806,0.214967806,0.22203482,0.22203482,0.231332993,0.231332993,0.292545187,0.292545187,0.294829434,0.294829434,0,0,0,0,0,0,0,0,0,0,0,0,0,0,0,0,0,0,0,0,0,0,0,0,0,0,0,0,0,0,0,0,0,0,0,0
A88,36.8581052,36.8581052,0,73.51669472,73.51669472,0,12.79244316,12.79244316,0,0,0,0,11.93672852,11.93672852,0,0,0,0,0.5,0.5,0.5,0.5,0.5,0,0,0,10.32039796,10.32039796,10.76199633,10.76199633,17.84428064,17.84428064,18.96290138,18.96290138,0,0,0,0,0,0,0,0,0,0,0.984360619,0.984360619,1.267265329,1.267265329,1.409040418,1.409040418,1.490731407,1.490731407,1.519863848,1.519863848,1.604150672,1.604150672,1.653271527,1.653271527,2.846793183,2.846793183,2.885566396,2.885566396,2.90061751,2.90061751,0,0,0,0,0,0,0,0,0,0,0,0,0,0,0,0,0,0,0,0,0,0,0,0,0,0,0,0,1.130542686,1.130542686,1.228085853,1.228085853,1.287567585,1.287567585,1.585666938,1.585666938,1.765313555,1.765313555,2.021303831,2.021303831,2.036372351,2.036372351,2.071336895,2.071336895,4.273346061,4.273346061,4.324017376,4.324017376,0,0,0,0,0,0,0,0,0,0,0,0,0,0,0,0,0,0,0,0,0,0,0,0,0,0,0,0,0.131238136,0.131238136,0.147310158,0.147310158,0.148265328,0.148265328,0.162024826,0.162024826,0.186542791,0.186542791,0.197812639,0.197812639,0.210360625,0.210360625,0.210867933,0.210867933,0.232704514,0.232704514,0.293245605,0.293245605,0,0,0,0,0,0,0,0,0,0,0,0,0,0,0,0,0,0,0,0,0,0,0,0,0,0,0,0,0,0,0,0,0,0,0,0
A89,36.8581052,36.8581052,0,0,0,0,12.49386799,12.49386799,0,0,0,0,0,0,0,0,0,0,0.5,0.5,0.5,0.5,0.5,0.5,0,0,0,0,0,0,0,0,0,0,0,0,0,0,0,0,0,0,0,0,1.449960862,1.449960862,1.450487897,1.450487897,1.450498697,1.450498697,1.45446208,1.45446208,1.45561279,1.45561279,1.456745675,1.456745675,2.846757983,2.846757983,2.875155223,2.875155223,2.876349682,2.876349682,2.88174999,2.88174999,2.883103572,2.883103572,2.884978276,2.884978276,0,0,0,0,0,0,0,0,0,0,0,0,0,0,0,0,0,0,0,0,0,0,0,0,0,0,0,0,0,0,0,0,0,0,0,0,0,0,0,0,0,0,0,0,0,0,0,0,0,0,0,0,0,0,0,0,0,0,0,0,0,0,0,0,0,0,0,0,0,0,0,0,0.169970029,0.169970029,0.170314318,0.170314318,0.1703735,0.1703735,0.206285922,0.206285922,0.207249068,0.207249068,0.207598468,0.207598468,0.207756362,0.207756362,0.208393261,0.208393261,0.208664793,0.208664793,0.296018595,0.296018595,0.296581056,0.296581056,0.296691327,0.296691327,0.297662349,0.297662349,0.297742757,0.297742757,0.298333651,0.298333651,0,0,0,0,0,0,0,0,0,0,0,0,0,0,0,0,0,0,0,0,0,0,0,0,0,0
A90,36.8581052,36.8581052,0,73.51669472,0,0,12.59805341,12.59805341,0,0,0,0,0,0,0,0,0,0,0.5,0.5,0.5,0.5,0.5,0.5,0,0,10.65557424,10.65557424,17.59774293,17.59774293,0,0,0,0,0,0,0,0,0,0,0,0,0,0,0.980176714,0.980176714,1.462659572,1.462659572,1.465983335,1.465983335,1.46918169,1.46918169,1.470636371,1.470636371,1.471403198,1.471403198,1.595672597,1.595672597,2.862749518,2.862749518,2.869557946,2.869557946,2.870744185,2.870744185,2.884162529,2.884162529,2.885178958,2.885178958,0,0,0,0,0,0,0,0,0,0,0,0,0,0,0,0,0,0,0,0,0,0,0,0,1.263842852,1.263842852,1.579505188,1.579505188,1.630222346,1.630222346,2.013019447,2.013019447,2.026121,2.026121,4.326130481,4.326130481,0,0,0,0,0,0,0,0,0,0,0,0,0,0,0,0,0,0,0,0,0,0,0,0,0,0,0,0,0,0,0,0,0,0,0,0,0.128896048,0.128896048,0.14978019,0.14978019,0.149839735,0.149839735,0.171354684,0.171354684,0.171737162,0.171737162,0.207896126,0.207896126,0.208609841,0.208609841,0.212616258,0.212616258,0.213325342,0.213325342,0.221240011,0.221240011,0.228726034,0.228726034,0.294842039,0.294842039,0.295270939,0.295270939,0.295642289,0.295642289,0.295945169,0.295945169,0,0,0,0,0,0,0,0,0,0,0,0,0,0,0,0,0,0,0,0,0,0,0,0,0,0